;;;;
input_address;output_address;;;
14YRXHHof4BY1TVxN5FqYPcEdpmXiYT78a;1GASxu5nMntiRKdVtTVRvEbP965G51bhHH;;;
14YRXHHof4BY1TVxN5FqYPcEdpmXiYT78a;14YRXHHof4BY1TVxN5FqYPcEdpmXiYT78a;;;
13Lhad3SAmu2vqYg2dxbNcxH7LE77kJu2w;1GFdrdgtG34GChM8SMpMwcXFc4nYbH1A5G;;;
1MAQQZn7EHP6J3erXByCciFiVcgS8ZhWqz;19q57SeCEzTnWrWVXA43nZzhSiXkYggh7c;;;
1MAQQZn7EHP6J3erXByCciFiVcgS8ZhWqz;1Kk1NVYnCE8ALXDhgMM6HqTt1jDSvi6QBA;;;
16zs5SVSyADh5WrLNbZbpRLsBsN5uEzgeK;1ExQobam8YdTkwATZjTZgevwrheSkUFVN1;;;
1QJpwtUorBKPGUJkSyrRcBKTAHq4CXrdYh;1HHNWMoQ6yVxuBhmnkvLmB3C4mEfZcDD4t;;;
1QJpwtUorBKPGUJkSyrRcBKTAHq4CXrdYh;1QJpwtUorBKPGUJkSyrRcBKTAHq4CXrdYh;;;
15qDzZLrcqQMUh5WnXaHTa4B3kreqAKi36;1E3QGYRS4TQ4FxVhC7FivRXSQHWPaVqSnA;;;
15qDzZLrcqQMUh5WnXaHTa4B3kreqAKi36;1KiiDJx9DAnyFuqKLaTVJQBc7ov2vrN2id;;;
1HYPEj9ZfUCsoYtbULhH2WyHtBgL3w8MTV;1E3QGYRS4TQ4FxVhC7FivRXSQHWPaVqSnA;;;
1HYPEj9ZfUCsoYtbULhH2WyHtBgL3w8MTV;1KiiDJx9DAnyFuqKLaTVJQBc7ov2vrN2id;;;
1dtBrLiLzzJx3EGGVo7hc8mB9jxXbfUc6;1E3QGYRS4TQ4FxVhC7FivRXSQHWPaVqSnA;;;
1dtBrLiLzzJx3EGGVo7hc8mB9jxXbfUc6;1KiiDJx9DAnyFuqKLaTVJQBc7ov2vrN2id;;;
1JxxNbdHgxwXLw19krxUotkWETLQzGmUFD;1E3QGYRS4TQ4FxVhC7FivRXSQHWPaVqSnA;;;
1JxxNbdHgxwXLw19krxUotkWETLQzGmUFD;1KiiDJx9DAnyFuqKLaTVJQBc7ov2vrN2id;;;
19u9iAQhMxRLE8Unksy2xJPawXrxgdsrnv;1E3QGYRS4TQ4FxVhC7FivRXSQHWPaVqSnA;;;
19u9iAQhMxRLE8Unksy2xJPawXrxgdsrnv;1KiiDJx9DAnyFuqKLaTVJQBc7ov2vrN2id;;;
1DN3MfRt6M4dm5DepeDeFfZvbLL45vtn6P;1E3QGYRS4TQ4FxVhC7FivRXSQHWPaVqSnA;;;
1DN3MfRt6M4dm5DepeDeFfZvbLL45vtn6P;1KiiDJx9DAnyFuqKLaTVJQBc7ov2vrN2id;;;
1GKws3pLXWoEr2RTKLgDe3F82UZ771XhMF;1BZCaMscDBxvW7s2cVadzcB3kkPMRFAhLJ;;;
1GKws3pLXWoEr2RTKLgDe3F82UZ771XhMF;1E5pWGpVvzodTJqndTfxWjCxpdsAXDapfs;;;
3NkpboTL22Durvn7SY4hANhbKyv4MnAyHr;1DsMoh25t9FCu5NucHt9oCRrok744MEAte;;;
3NkpboTL22Durvn7SY4hANhbKyv4MnAyHr;39NLyBzGFBz8hHHqzDiQxWtQ59nMkdYurX;;;
12kWtkYCYGTuN5UbScQHYd795sJR8s8DJX;15UpZJYDMQJuP89CUrehBhjNZQLU9u9aLQ;;;
14TZbtee7hrGW8hvk6hMt8wpe3JzmqWoaf;15UpZJYDMQJuP89CUrehBhjNZQLU9u9aLQ;;;
1FXqE2ixnnSB1kvwbMtWma5xQ2bVbkSq3f;1C4qDLgiKLcUZqiq4WxCSLMNBDZirz8bHX;;;
1FXqE2ixnnSB1kvwbMtWma5xQ2bVbkSq3f;1hMhdsmRp7zfMgbHaiLpEvuGBNoAhm5qZ;;;
1NYojFa2hmkJHfdna4xiCeLqnRJGjwvBQa;1C4qDLgiKLcUZqiq4WxCSLMNBDZirz8bHX;;;
1NYojFa2hmkJHfdna4xiCeLqnRJGjwvBQa;1hMhdsmRp7zfMgbHaiLpEvuGBNoAhm5qZ;;;
3ByY9kG3vxwqzAFjchf7QfoZgZG8NGctXf;3KRxumx3nRg2v93hypGxdJq7kDuaZS8BTM;;;
3ByY9kG3vxwqzAFjchf7QfoZgZG8NGctXf;1KjDoiJAZkWNK7eD6ajJim4ivGNfJXkryW;;;
1HjD2TpaakWRCb9V2RuTMtwPFpnYNSe3zS;1L5RB1kzWNs4xMWyynVWJrouHyGGtfNoy3;;;
1HjD2TpaakWRCb9V2RuTMtwPFpnYNSe3zS;187rLEyNPPZcSvXUMQfGSYhSCXjWeX7oqp;;;
1Pie1ipwSMqFpfUbXHq5thSs3nzsGgykRu;1CW51z4JmFJkfXTWR8E6KtV5FUgSye3pz5;;;
1Pie1ipwSMqFpfUbXHq5thSs3nzsGgykRu;1GjvztBQPvEP9insLekXcLAmrX5bp38LWq;;;
1KdYgmNWKa4afxFdzCgLhRcrPLyCxeuiqS;1KdYgmNWKa4afxFdzCgLhRcrPLyCxeuiqS;;;
1KdYgmNWKa4afxFdzCgLhRcrPLyCxeuiqS;39zKyE9UDgzyaqW2DW6GCW3R1aRsRhxRVc;;;
35stS7FpGjgskfUAiwvuwRqJAbFsPpGaG7;1HX1JvTnBaAjJAZHBxTv1pSZsr7f3nXGHq;;;
35stS7FpGjgskfUAiwvuwRqJAbFsPpGaG7;3Gna4docxhqJvJbFzavwGAKR1Rt4wgzPSA;;;
13fo4Tb7YombBPz2q49p7ZbVJR9edRwJAo;1EAhoPCMusekubuDWdZ5ZcG9jSpMeJ4RV9;;;
13fo4Tb7YombBPz2q49p7ZbVJR9edRwJAo;1HtqDMWgn6186e8t3EesZQiw7gNbaPJfJH;;;
17E9EypNNyKwxTUbzpVreA2jD8toSwViGc;1EAhoPCMusekubuDWdZ5ZcG9jSpMeJ4RV9;;;
17E9EypNNyKwxTUbzpVreA2jD8toSwViGc;1HtqDMWgn6186e8t3EesZQiw7gNbaPJfJH;;;
1EzXDNL9Q5u8VGoMAp3TDtQHbRkQugNB83;1HBg2p2CGP3KkMA3DmSmJy7PHETwWf4vx5;;;
1EzXDNL9Q5u8VGoMAp3TDtQHbRkQugNB83;1MDWtNwB9nuhauhqK9iLgX4DysXshUNyD6;;;
1H1WS2tFx5yCsxtefs9PSTdqVX2mduyf3b;1HBg2p2CGP3KkMA3DmSmJy7PHETwWf4vx5;;;
1H1WS2tFx5yCsxtefs9PSTdqVX2mduyf3b;1MDWtNwB9nuhauhqK9iLgX4DysXshUNyD6;;;
1GRRcf8wSxXsHZ7PNKVu9EJyzqXxTbuz4s;14SchcZwvMxA67bLszdjdDKFBcA9nnDZYr;;;
1GRRcf8wSxXsHZ7PNKVu9EJyzqXxTbuz4s;1C7tNVEg71LAGYqEjjDtHiC3WbrQMiq12e;;;
1PNZcSjziHuKEKgoTAWVtCt7oUAcRLQQAC;1E2ZKoNmyKUQftjo8AfD9yzvzp9rKLSziR;;;
1PNZcSjziHuKEKgoTAWVtCt7oUAcRLQQAC;18k2TA54KSLe6rGGWZVc3w42kYHRwSGVBT;;;
1MnPCyHe7ZqgEP3Xk2mSwtx3wK5M577idG;1BwvF3xGS9V2c2C9HywzbfEvLynWmQc6RZ;;;
1MnPCyHe7ZqgEP3Xk2mSwtx3wK5M577idG;1MnPCyHe7ZqgEP3Xk2mSwtx3wK5M577idG;;;
1MnPCyHe7ZqgEP3Xk2mSwtx3wK5M577idG;1MnPCyHe7ZqgEP3Xk2mSwtx3wK5M577idG;;;
1MnPCyHe7ZqgEP3Xk2mSwtx3wK5M577idG;17xc5Hk4A6eGiLCJsrRwzUzy7VHQpidHKm;;;
1BptCqXXX6zdGZvziu5FqL3s4JVaJJD33U;14wXrm49HxggbdQ6RGfWY8qghGEWhLA28K;;;
1E1rmsgPFP5DK7TWdd1CLhvRGkFifUoWf4;14wXrm49HxggbdQ6RGfWY8qghGEWhLA28K;;;
1Jop9xtfPffrDiKTFkfumKeXs3hQDxBS5E;14wXrm49HxggbdQ6RGfWY8qghGEWhLA28K;;;
1PUKCTUFyM81Yo8yYYBZe2FY3A68SSQFQf;14wXrm49HxggbdQ6RGfWY8qghGEWhLA28K;;;
1M8bqvgZG8jivtjXS7hdCcqnkTD9LACukr;14wXrm49HxggbdQ6RGfWY8qghGEWhLA28K;;;
1C1qcHxoZHaPFu2uJ61GUXo7PhVHj9ULZa;14wXrm49HxggbdQ6RGfWY8qghGEWhLA28K;;;
1DSYs7kFe8mzgA2Ues4yNFgCZQvN6y1aUU;14wXrm49HxggbdQ6RGfWY8qghGEWhLA28K;;;
1F1CtRrm5ZAsd8GPeRCX1ASVjT9Ky4cG8p;14wXrm49HxggbdQ6RGfWY8qghGEWhLA28K;;;
1KumbRsTcA6UNqU2MHEfqEFnAZYU3w3izR;14wXrm49HxggbdQ6RGfWY8qghGEWhLA28K;;;
1E9LaDzG8Yt1tKj9iQJXzga13pd3zGH22m;14wXrm49HxggbdQ6RGfWY8qghGEWhLA28K;;;
1Hus1FPyVjJLTb3bpTS4C96jdwEd2U2y9f;14wXrm49HxggbdQ6RGfWY8qghGEWhLA28K;;;
1DcGukRGyy7LBGRMUs43xrYQu95qWiwnPs;14wXrm49HxggbdQ6RGfWY8qghGEWhLA28K;;;
1GntxwnyW1p7iof9ujzsz7aW9JAzSAHY2s;14wXrm49HxggbdQ6RGfWY8qghGEWhLA28K;;;
1QCtd9GVzjzdhoScXh3rdNtAvdVubcBRop;14wXrm49HxggbdQ6RGfWY8qghGEWhLA28K;;;
1HHpeRsdoMBZ9pxePLdx9stpnjfFPBZtej;14wXrm49HxggbdQ6RGfWY8qghGEWhLA28K;;;
1G7X3YkSECLqKgX2S9pofqSszwRHFeGGmf;14wXrm49HxggbdQ6RGfWY8qghGEWhLA28K;;;
19x5VRqWz8dX56m5WRxX3dsKArTF1cxxEK;14wXrm49HxggbdQ6RGfWY8qghGEWhLA28K;;;
1MKRo3o4oyGXrqFwtL6sKVKEdsuS8kg4DZ;14wXrm49HxggbdQ6RGfWY8qghGEWhLA28K;;;
1QJN9mNgymFGnGpCCvEXD9u4p3ywYJVaDv;14wXrm49HxggbdQ6RGfWY8qghGEWhLA28K;;;
1NhfjosehE7gKD7UN1q21g2boXeJF6phyA;14wXrm49HxggbdQ6RGfWY8qghGEWhLA28K;;;
1P2axntqznyH2drAzF7Fjv4kM2Vg2kBpHr;1FXqE2ixnnSB1kvwbMtWma5xQ2bVbkSq3f;;;
1P2axntqznyH2drAzF7Fjv4kM2Vg2kBpHr;1KNZ2kRVcPbz1Qjq8Fanrc8CmHk64yYiix;;;
18Fvt2mc4ie3SfskZxn9VV3F3dGFWqxVB1;1FXqE2ixnnSB1kvwbMtWma5xQ2bVbkSq3f;;;
18Fvt2mc4ie3SfskZxn9VV3F3dGFWqxVB1;1KNZ2kRVcPbz1Qjq8Fanrc8CmHk64yYiix;;;
1DFvKT9oMFtr9DL11QTWEnbWgrZgZ4FZn1;1FXqE2ixnnSB1kvwbMtWma5xQ2bVbkSq3f;;;
1DFvKT9oMFtr9DL11QTWEnbWgrZgZ4FZn1;1KNZ2kRVcPbz1Qjq8Fanrc8CmHk64yYiix;;;
1PNZcSjziHuKEKgoTAWVtCt7oUAcRLQQAC;1G97JCZAzMwRJrz2QZkgc4BViRf7AKgfvw;;;
1PNZcSjziHuKEKgoTAWVtCt7oUAcRLQQAC;1E2ZKoNmyKUQftjo8AfD9yzvzp9rKLSziR;;;
1PiDFn5UvZ3QYSSL4had78Ej7CfLP8UtER;1EsQ1SC3KxEshoAgnwE4i6YzyaL3PL6CpD;;;
1NAjaRojHVzkfFFLXr4TCEVG21BL7a2e7p;1EsQ1SC3KxEshoAgnwE4i6YzyaL3PL6CpD;;;
1GyRisDtFEb8zRPt9hxv3TvTcbTh6zKgeh;1EsQ1SC3KxEshoAgnwE4i6YzyaL3PL6CpD;;;
1PbpCQUgprP6n22XZAfE3k2F5qu6q55G39;1EsQ1SC3KxEshoAgnwE4i6YzyaL3PL6CpD;;;
1MoVD9Khxy2TFuez77ehKiGs22quwhRsnZ;1EsQ1SC3KxEshoAgnwE4i6YzyaL3PL6CpD;;;
1GqzSzRrET4DiMJwExKjPUJWExruX7o775;1EsQ1SC3KxEshoAgnwE4i6YzyaL3PL6CpD;;;
1934a52c6Nd1UNHA7qyqedchh6PCHANbPz;1EsQ1SC3KxEshoAgnwE4i6YzyaL3PL6CpD;;;
1134oh547PjSj9hvNsMf7fG3Dts77FGk8G;1EsQ1SC3KxEshoAgnwE4i6YzyaL3PL6CpD;;;
1M6Yriv4F4chWXxWeEkgRVLcT1PbojYiri;1EsQ1SC3KxEshoAgnwE4i6YzyaL3PL6CpD;;;
12UY68wKJks3dEmgzpufRF5ukgUyNqhSPm;1EsQ1SC3KxEshoAgnwE4i6YzyaL3PL6CpD;;;
1LqZtpnm8tpFjJpSEzYzExR69DyxmERKac;1EsQ1SC3KxEshoAgnwE4i6YzyaL3PL6CpD;;;
15Tv9WkpDwQZf2vLHmSAzjfhhMy8osYvja;1EsQ1SC3KxEshoAgnwE4i6YzyaL3PL6CpD;;;
1G5PDM93CjkAHTqArZQZ3F6dkncaHr7TW;1EsQ1SC3KxEshoAgnwE4i6YzyaL3PL6CpD;;;
1MTsAMrwSo9bVGojZL265zvZQMMdbu88CD;1EsQ1SC3KxEshoAgnwE4i6YzyaL3PL6CpD;;;
1CkSk2AQCfQvgXLnRVYRHRu3a8atpV12eq;1EsQ1SC3KxEshoAgnwE4i6YzyaL3PL6CpD;;;
1GD4G38dXiYsjpPop8MVFyxaNuYVVovHd2;1EsQ1SC3KxEshoAgnwE4i6YzyaL3PL6CpD;;;
1MhU164VEo8KNFwYFGn27JkswWbdp5HtF3;1EsQ1SC3KxEshoAgnwE4i6YzyaL3PL6CpD;;;
15z9XPAa4GkupcyRpQ9RtB1crT3sxbstNg;1EsQ1SC3KxEshoAgnwE4i6YzyaL3PL6CpD;;;
1BSoRz5KFVYS9YwLKvougtuE7Z2ryLQzBs;1EsQ1SC3KxEshoAgnwE4i6YzyaL3PL6CpD;;;
1P1XQ6miAqbDowfyfQvEaEnKVM21AZeri4;1EsQ1SC3KxEshoAgnwE4i6YzyaL3PL6CpD;;;
1GyRisDtFEb8zRPt9hxv3TvTcbTh6zKgeh;1EsQ1SC3KxEshoAgnwE4i6YzyaL3PL6CpD;;;
1BUqPH5pDMToS53sfva8t1Y9iHMMgxtsVX;1EsQ1SC3KxEshoAgnwE4i6YzyaL3PL6CpD;;;
1EJbmnD7cs5stCYKgDW7sPMu7g28hinbX3;1EsQ1SC3KxEshoAgnwE4i6YzyaL3PL6CpD;;;
19B2WppuLkEM6HuKJt8pmT8YiLkGRN9Z15;1EsQ1SC3KxEshoAgnwE4i6YzyaL3PL6CpD;;;
1KpJKxDgrqkuhjCb66xwinUXJCjUfFXjHo;1EsQ1SC3KxEshoAgnwE4i6YzyaL3PL6CpD;;;
18iGdgPzn98dpCZQNuibjRh5aFU4ekGQhc;1EsQ1SC3KxEshoAgnwE4i6YzyaL3PL6CpD;;;
1K98DxZ7ooXNEsC1TWhZYhy5kjUKVD7UMZ;1EsQ1SC3KxEshoAgnwE4i6YzyaL3PL6CpD;;;
1Hksh7iovfSzeyevLtsL6XraT2YisGmhFd;1EsQ1SC3KxEshoAgnwE4i6YzyaL3PL6CpD;;;
13t96HgKwdufStNokGDHksai3w3hXypmGN;1EsQ1SC3KxEshoAgnwE4i6YzyaL3PL6CpD;;;
19hyVDxS5XhPFRUtPxiuPxYhXV6rRqZngx;1EsQ1SC3KxEshoAgnwE4i6YzyaL3PL6CpD;;;
1HdodDY4tCoZL3Jy9JDPKssiLMgYiYbNhA;1EsQ1SC3KxEshoAgnwE4i6YzyaL3PL6CpD;;;
1AypssWLUyHyoRtncm7evtsSYa72AKP9QU;1EsQ1SC3KxEshoAgnwE4i6YzyaL3PL6CpD;;;
1HPNhgdvRDsZMZuiSSiAsXRy2eagBw4NAC;1EsQ1SC3KxEshoAgnwE4i6YzyaL3PL6CpD;;;
1MhHAALyyRX8mbD7b1fxCXGAyWCAYBKLY;1EsQ1SC3KxEshoAgnwE4i6YzyaL3PL6CpD;;;
1Jr7RycUekpixoeHeVD3FzALDYEAxLNQK3;1EsQ1SC3KxEshoAgnwE4i6YzyaL3PL6CpD;;;
1GyRisDtFEb8zRPt9hxv3TvTcbTh6zKgeh;1EsQ1SC3KxEshoAgnwE4i6YzyaL3PL6CpD;;;
19FrqniWdMRjiSgJUHK6dv88LEyinKPXYw;1EsQ1SC3KxEshoAgnwE4i6YzyaL3PL6CpD;;;
1212z5z3QRnhCCRLSWh3gXCjVJxZ2JsUvN;1EsQ1SC3KxEshoAgnwE4i6YzyaL3PL6CpD;;;
1Nrp9uS3BxQkLRCCAq3fG8fpZp9zAV2Hsa;1EsQ1SC3KxEshoAgnwE4i6YzyaL3PL6CpD;;;
1E6X4dT6xAy32SBurm5a5MVEfh3s2JmnD;1EsQ1SC3KxEshoAgnwE4i6YzyaL3PL6CpD;;;
1LavRZDQJU4vymgMW7hmuLc8S2ymobG7in;1EsQ1SC3KxEshoAgnwE4i6YzyaL3PL6CpD;;;
1ATrUxhRtQkLbYj5ApuSXhqMZg2ebU6sEa;1EsQ1SC3KxEshoAgnwE4i6YzyaL3PL6CpD;;;
15Je3yYohBB1W5JYhbmMirBG9pX1ejHDjC;1EsQ1SC3KxEshoAgnwE4i6YzyaL3PL6CpD;;;
19hyVDxS5XhPFRUtPxiuPxYhXV6rRqZngx;1EsQ1SC3KxEshoAgnwE4i6YzyaL3PL6CpD;;;
16Z16WkaAv6QqG6LhQikygkebLTUYHNezk;1EsQ1SC3KxEshoAgnwE4i6YzyaL3PL6CpD;;;
1P7ot6Rmb1fMnQrEruEzbd6saqVURpMaVb;1EsQ1SC3KxEshoAgnwE4i6YzyaL3PL6CpD;;;
1JbEpto7aKR5Ge5XDhxcRxxyiPzBkMrSJJ;1EsQ1SC3KxEshoAgnwE4i6YzyaL3PL6CpD;;;
1BsAWiMvXrEaaipub2w977si6Wp1RyPBvj;1EsQ1SC3KxEshoAgnwE4i6YzyaL3PL6CpD;;;
15GHAq5fZ49SjgRHYSz7aPhBXoVHAZLUjK;1EsQ1SC3KxEshoAgnwE4i6YzyaL3PL6CpD;;;
1B3yUB95jSHSnx4csUN4esiYPP3GsnPB7v;1EsQ1SC3KxEshoAgnwE4i6YzyaL3PL6CpD;;;
13QUPusBD1zi8dSQvpTJqas3hMgHaD3aMn;1CKbQmrJS4cnk3cg2M1dAArRXoQm6FgGMQ;;;
13QUPusBD1zi8dSQvpTJqas3hMgHaD3aMn;185Xo8BnyYYe4gpBVr8zMds1pFvcj7xLSr;;;
1CPYzVnfzKL2XBCvV5yFCoyno9mNmcWxrJ;1MgQ4XF5HSKDU3u6LccEhe2DXKyiNiAnZr;;;
1CPYzVnfzKL2XBCvV5yFCoyno9mNmcWxrJ;1355bYRYTxu7BmUbdFUyqhpqesFAAXrzwe;;;
1CPYzVnfzKL2XBCvV5yFCoyno9mNmcWxrJ;1Jj3Fbr7URftouG6rtX4tAWst5USMavCp9;;;
1CPYzVnfzKL2XBCvV5yFCoyno9mNmcWxrJ;18h8jY8SPuSqsS6r1rUtDF4G1j2GMjJVaG;;;
1CUDBTFzpcmfEuPKyWKiczS6qJmtSfzPWK;1CUDBTFzpcmfEuPKyWKiczS6qJmtSfzPWK;;;
1CUDBTFzpcmfEuPKyWKiczS6qJmtSfzPWK;1FB9c9W4mqN4Jrg6RaH8bvYFytHaHoW5UJ;;;
1SrL78TQp4xKhLcB5SYT1cNvMA3mJBbpQ;1SrL78TQp4xKhLcB5SYT1cNvMA3mJBbpQ;;;
1SrL78TQp4xKhLcB5SYT1cNvMA3mJBbpQ;1GDF8uGyYPh6Lic37M23uYJcbAKXS7Nhjt;;;
1DzkpzGygL2oMNP3NPUdzkZeB8D4N9jyrv;19mri2TRaRQVkm4REaiqhzBRUHHbNLN5Qj;;;
1DzkpzGygL2oMNP3NPUdzkZeB8D4N9jyrv;1NktUMCJqtXhWMyUELuZHgmTpicVppLLf9;;;
1DQedn7XXtRcWwUbwjWDMsuKdcxbwNeWbE;1DQedn7XXtRcWwUbwjWDMsuKdcxbwNeWbE;;;
1DQedn7XXtRcWwUbwjWDMsuKdcxbwNeWbE;12fSTkQN29eu2YZiNtZDHTEYsG8hadAdY4;;;
1329tgP4fmXUZ7ZfwQzTCzerqzuMjPonsy;1F97i7ZQ4LpXF8Cbd2r1qz8DPmxmmkdLmB;;;
1329tgP4fmXUZ7ZfwQzTCzerqzuMjPonsy;1329tgP4fmXUZ7ZfwQzTCzerqzuMjPonsy;;;
1QB6kdkByUJQNoTS8Rx23oTKqCseXBGjk8;17Hgxhen1tSYKBPUWPAojdHrVdvKain77;;;
1QB6kdkByUJQNoTS8Rx23oTKqCseXBGjk8;17nzJq2dP7qJq6WKqsjYGHxR7ZqokNArCT;;;
1QB6kdkByUJQNoTS8Rx23oTKqCseXBGjk8;1KFqTnaEmmkHH4AUak1aPa5zrMoJJrkb4b;;;
1QB6kdkByUJQNoTS8Rx23oTKqCseXBGjk8;1KgAjp5UNWSRuMzStgCnBNJQhccVeZ3x2t;;;
1QB6kdkByUJQNoTS8Rx23oTKqCseXBGjk8;16dKr51KrhvyosgLRGdVzD8HAxLNT9KWBL;;;
1QB6kdkByUJQNoTS8Rx23oTKqCseXBGjk8;1EwuU9p27hK4kV7UHVQEZBsfJmeX79cr1o;;;
1NvKhobLdzd4Cxp7UVa9Tw9nj5iRA4XuES;1NvKhobLdzd4Cxp7UVa9Tw9nj5iRA4XuES;;;
1NvKhobLdzd4Cxp7UVa9Tw9nj5iRA4XuES;1GUjgZ16z8CMrP2gaDXKjLJ7pa5cEzwJ8z;;;
13hZte26cDnpzmFep81yxgbPfrA1gvqf1o;1JxpxRuoRRTBz4MKqVjkhhK8nkR9hFgVip;;;
13hZte26cDnpzmFep81yxgbPfrA1gvqf1o;1GhFd1RBMxPa5mo1121zFbXV722anQvAVW;;;
13hZte26cDnpzmFep81yxgbPfrA1gvqf1o;1MBXts5B3b3sAxcBa7NCxuPdYVBqKdYcFt;;;
1EisRwE57S4fJZBQrMy24jHx71PhFai2VM;1JxpxRuoRRTBz4MKqVjkhhK8nkR9hFgVip;;;
1EisRwE57S4fJZBQrMy24jHx71PhFai2VM;1GhFd1RBMxPa5mo1121zFbXV722anQvAVW;;;
1EisRwE57S4fJZBQrMy24jHx71PhFai2VM;1MBXts5B3b3sAxcBa7NCxuPdYVBqKdYcFt;;;
1JVMgv6xFJwdJvBh9ZinjPL1ttu7kF3kvG;1DdMmkUcBSLAHS9E9x5AQfFHzSw7sAYXdM;;;
1JVMgv6xFJwdJvBh9ZinjPL1ttu7kF3kvG;1KrqUa8LroKo5C1KQ8kL9inBSFYBZxiBjq;;;
1JVMgv6xFJwdJvBh9ZinjPL1ttu7kF3kvG;122A4uwCw98gdJGwxjTnsczAFCbansfrXp;;;
1JVMgv6xFJwdJvBh9ZinjPL1ttu7kF3kvG;1ATLLXkZ9wiBczj8tTFsPVQqRq2dN9PTYc;;;
1JVMgv6xFJwdJvBh9ZinjPL1ttu7kF3kvG;1DzddVjXPKswU6Stby1WrXSXDNQoVpmZcW;;;
1JVMgv6xFJwdJvBh9ZinjPL1ttu7kF3kvG;13Z1DhSvZMymsqRS7ooUTxzMqsxeLdUqaN;;;
1JVMgv6xFJwdJvBh9ZinjPL1ttu7kF3kvG;37AfWD9yn2u1sSiPiYS23jJRLuXhCWjhUv;;;
1JVMgv6xFJwdJvBh9ZinjPL1ttu7kF3kvG;13NmQ6NzU8gBT8qZWYakpuaroLjhsGreDT;;;
1BoXXoBV52ebyHFGXYKfkEpenVYvB5KoF4;1BoXXoBV52ebyHFGXYKfkEpenVYvB5KoF4;;;
1BoXXoBV52ebyHFGXYKfkEpenVYvB5KoF4;18s33qkT4XCz2tztQrG8ZjRv2fATTqfNAT;;;
1BoXXoBV52ebyHFGXYKfkEpenVYvB5KoF4;1EvnCmWXC8syTGRiAWTFKTxxT849436EP5;;;
1BoXXoBV52ebyHFGXYKfkEpenVYvB5KoF4;1BoXXoBV52ebyHFGXYKfkEpenVYvB5KoF4;;;
1BoXXoBV52ebyHFGXYKfkEpenVYvB5KoF4;1LuckyP83urTUEJE9YEaVG2ov3EDz3TgQw;;;
1BoXXoBV52ebyHFGXYKfkEpenVYvB5KoF4;1BoXXoBV52ebyHFGXYKfkEpenVYvB5KoF4;;;
1BoXXoBV52ebyHFGXYKfkEpenVYvB5KoF4;1LuckyP83urTUEJE9YEaVG2ov3EDz3TgQw;;;
1BoXXoBV52ebyHFGXYKfkEpenVYvB5KoF4;1BoXXoBV52ebyHFGXYKfkEpenVYvB5KoF4;;;
1BoXXoBV52ebyHFGXYKfkEpenVYvB5KoF4;1BoXXoBV52ebyHFGXYKfkEpenVYvB5KoF4;;;
1BoXXoBV52ebyHFGXYKfkEpenVYvB5KoF4;1LuckyY9fRzcJre7aou7ZhWVXktxjjBb9S;;;
16fA76SxX3xtxGS74f1gtE9bdBzjBk9ttT;16PaiEchCNYretHDRBGhnnerhqc7R9wW6h;;;
16fA76SxX3xtxGS74f1gtE9bdBzjBk9ttT;1MPJgQTfsnpj9xhNNRQnTMvn2QEQVXGC6e;;;
1EeAjbtbrRB44VfpUv3h76AWmSyULaLwWT;16br9mKLgDeN4kZ84Cjkh66fseuFgocmUM;;;
1EeAjbtbrRB44VfpUv3h76AWmSyULaLwWT;1Hm2DMuvZvfpZ1rghxEya8jabQDHmWdtXE;;;
1MPJgQTfsnpj9xhNNRQnTMvn2QEQVXGC6e;12GLsqKjtNBAaQXWufSZk3VcnkXvNF5Y1w;;;
1MPJgQTfsnpj9xhNNRQnTMvn2QEQVXGC6e;17vuFfyt6RLbP4dVp7vqE3xCXixzc9eY2D;;;
17vuFfyt6RLbP4dVp7vqE3xCXixzc9eY2D;15cvBfBWSMGi8oowzbnws6PHSVRWkhgh6c;;;
17vuFfyt6RLbP4dVp7vqE3xCXixzc9eY2D;1M7jRj7QvkEzPkjmbcTHZ8xfDdCJcDWt2y;;;
1M7jRj7QvkEzPkjmbcTHZ8xfDdCJcDWt2y;1CHDSU5yFnEMcY7Hfc4Zi2H1zaGdxjBV6Q;;;
1M7jRj7QvkEzPkjmbcTHZ8xfDdCJcDWt2y;19cNTqWbfKKMcwqT2JhiPswmZfttJBDeE5;;;
19cNTqWbfKKMcwqT2JhiPswmZfttJBDeE5;1NcqVs2ffuXmJpDqU2rP66Yt392MN4c3oF;;;
19cNTqWbfKKMcwqT2JhiPswmZfttJBDeE5;19nhk3ZsBLofBmnHCE6SUfxCKJ3wYhaB1z;;;
1NcqVs2ffuXmJpDqU2rP66Yt392MN4c3oF;17WzneEDXngQf7QbGatcSdy1fTrW1Nt8aE;;;
1NcqVs2ffuXmJpDqU2rP66Yt392MN4c3oF;1522pdq8jgLxEV28VhdDMfMuAgcbxYdmzM;;;
17WzneEDXngQf7QbGatcSdy1fTrW1Nt8aE;178oQ58bRdBpbnjcx46WkX781T3TKzMSjT;;;
17WzneEDXngQf7QbGatcSdy1fTrW1Nt8aE;1Dad9jR5rMmEtzqzXETik4RSmVvVEchYhT;;;
1Dad9jR5rMmEtzqzXETik4RSmVvVEchYhT;1Butz9JMZTzG71UBnwVnctet3rTA33A7Vk;;;
1Dad9jR5rMmEtzqzXETik4RSmVvVEchYhT;15b84Lh2dpkSQZbFs19Vnz68pfre6LJxP2;;;
15b84Lh2dpkSQZbFs19Vnz68pfre6LJxP2;1DapPrYxKyn7WSEtAKKFaauvHcH4uku5hu;;;
15b84Lh2dpkSQZbFs19Vnz68pfre6LJxP2;1HFM387RqmTafrkkAXxivyhevc396RASRM;;;
1HFM387RqmTafrkkAXxivyhevc396RASRM;19LN5j6MMSJBcaAPFhajj5XuBjX3Gz76fi;;;
1HFM387RqmTafrkkAXxivyhevc396RASRM;14dGeDVjHWwEqQ3oYzPMnrEtqyLRdS3mME;;;
19LN5j6MMSJBcaAPFhajj5XuBjX3Gz76fi;1ECk84U3Hfdh5wqyrzcc8HB9LdrJWU2hqn;;;
19LN5j6MMSJBcaAPFhajj5XuBjX3Gz76fi;1H1CvEd2ysJpncfpcAXZsCEDSah8JhM1jF;;;
1F8bRVKXwnm4LcfFzu4ndEgwzUTn2ZBj7U;17g8rEqfn2nX3pEVqXgUE4tpHTg6uuW7an;;;
1F8bRVKXwnm4LcfFzu4ndEgwzUTn2ZBj7U;1Q8WSEoAxkE46weeLbrcbuxKhePFoyNS8c;;;
1LuckyR1fFHEsXYyx5QK4UFzv3PEAepPMK;1NxaBCFQwejSZbQfWcYNwgqML5wWoE3rK4;;;
1LuckyR1fFHEsXYyx5QK4UFzv3PEAepPMK;1AfFQ1RQi4upQRyQqYhhyFpMXUC9TFTwMz;;;
1LuckyR1fFHEsXYyx5QK4UFzv3PEAepPMK;1NxaBCFQwejSZbQfWcYNwgqML5wWoE3rK4;;;
1LuckyR1fFHEsXYyx5QK4UFzv3PEAepPMK;1CPaexZ933j3ZFtWBhp7q93TDjazdZEVBD;;;
1LuckyP83urTUEJE9YEaVG2ov3EDz3TgQw;1NxaBCFQwejSZbQfWcYNwgqML5wWoE3rK4;;;
1LuckyP83urTUEJE9YEaVG2ov3EDz3TgQw;1BoXXoBV52ebyHFGXYKfkEpenVYvB5KoF4;;;
17XZNmdrrS7An1kH3Wc9uDZCXnCmaPWP55;14MhC6hhUGePGZgNUhuk3YLtwoGZTAPRp4;;;
17XZNmdrrS7An1kH3Wc9uDZCXnCmaPWP55;12VXhdrMcmENXj2NxrrywrKyA6g3o7VrxC;;;
1Kasdi1158ZKvcHCfgy7ALCPZHsYbq66Kg;38gV2rUEx8dRgsqEMLrb2nRitQdi2DoCk8;;;
1J3orEBrXUVeXTBFS5yUN5dqiGkVatxSuF;18cVXEkRyWU8Z4VT7TvzgWZhqKJLdC2w3M;;;
14Mo1oXf4xwnEW2wQzXMAvjyXbLj5vfK1P;1NWFovqMiwLSjVrcgDnvMgxZbioqFFY8hK;;;
141KLBFGr3fBmn59A9eL1B42SVCZAvwbwZ;1JUvzfPsVtQTiCwKZcEPZLw2WN4RiNBCDJ;;;
1K796G7eLdbxUQ7f7NbHvkAs3XJH5zKEiM;1JUvzfPsVtQTiCwKZcEPZLw2WN4RiNBCDJ;;;
18AUCjRhQkDS4z2iwsvZNFS1y8jvxuX7fV;1MsXvPKK8abmDPHwJHP4ihZtKdCf7K8mac;;;
18AUCjRhQkDS4z2iwsvZNFS1y8jvxuX7fV;1EwNBp4AGExZ3Mu5jVM5byuysaYFLE6udL;;;
1Fjpz1o7aRq1aKEZ3qM46ZDtcimfhr3dDn;13AaJEgkR4Tqm9FjAY1wXWTWoNrDmvjGzX;;;
1Fjpz1o7aRq1aKEZ3qM46ZDtcimfhr3dDn;1LCw5BGGJ7tQMW2FS32kaWnJDH6aTivHNT;;;
1Fjpz1o7aRq1aKEZ3qM46ZDtcimfhr3dDn;1Et2EkQPYYqMUJb9bgcoMztGYdAZ6j9yPc;;;
155HXej18ZHWnf9tkfL5HuiML8q5ZKhkZx;13AaJEgkR4Tqm9FjAY1wXWTWoNrDmvjGzX;;;
155HXej18ZHWnf9tkfL5HuiML8q5ZKhkZx;1LCw5BGGJ7tQMW2FS32kaWnJDH6aTivHNT;;;
155HXej18ZHWnf9tkfL5HuiML8q5ZKhkZx;1Et2EkQPYYqMUJb9bgcoMztGYdAZ6j9yPc;;;
1K9x1KPe2kaURZhyte61gjwwCWeZ52Jnc9;1K9x1KPe2kaURZhyte61gjwwCWeZ52Jnc9;;;
1K9x1KPe2kaURZhyte61gjwwCWeZ52Jnc9;1KMfcjwq9T5UuffSEEe5R4Vt2PwbBNd5e1;;;
1K9x1KPe2kaURZhyte61gjwwCWeZ52Jnc9;1K9x1KPe2kaURZhyte61gjwwCWeZ52Jnc9;;;
1K9x1KPe2kaURZhyte61gjwwCWeZ52Jnc9;18fprRAupfmNHn6n69RAEtcyNsc9UphszM;;;
174xyz4hwWkwqPXey8aFoTTumG56qskaHn;156nZDyefGDqrx1c7UE5hfko1YyZkJYGsb;;;
174xyz4hwWkwqPXey8aFoTTumG56qskaHn;1CvDHyG8iMuJKZo8FKu6W8QyGVGwK7BkCU;;;
174xyz4hwWkwqPXey8aFoTTumG56qskaHn;17rY8sFypcqxnhxZiH8x7WaaePdQzwsjPe;;;
174xyz4hwWkwqPXey8aFoTTumG56qskaHn;1pg9mzjGB7y41oZ6KAsjJVgUHdBfUDNsf;;;
174xyz4hwWkwqPXey8aFoTTumG56qskaHn;1H2SSD87vKr5tHgz3jGK3eirFihY5sDxvx;;;
174xyz4hwWkwqPXey8aFoTTumG56qskaHn;13AaJEgkR4Tqm9FjAY1wXWTWoNrDmvjGzX;;;
1DDNnjfMPqczTY8yfFvrSmKkwgtten2HJZ;15qUavEJLUyuGMTWWfX3guNR9L6tyQuvMp;;;
1DDNnjfMPqczTY8yfFvrSmKkwgtten2HJZ;1Et2EkQPYYqMUJb9bgcoMztGYdAZ6j9yPc;;;
16iZuZ74UMd3KPomzGysFRN5RGWEJrZwuP;15qUavEJLUyuGMTWWfX3guNR9L6tyQuvMp;;;
16iZuZ74UMd3KPomzGysFRN5RGWEJrZwuP;1Et2EkQPYYqMUJb9bgcoMztGYdAZ6j9yPc;;;
1HmnCBPkPxT54xsXcjXjSUbNEG1CMDdrgi;1BL1EAt9Z574PbnDeK172aWUgA1PB234c4;;;
1HmnCBPkPxT54xsXcjXjSUbNEG1CMDdrgi;1MMcuQ5ChzM7cAy6cxSgndHttQ4icZXXyr;;;
1HmnCBPkPxT54xsXcjXjSUbNEG1CMDdrgi;1821e9xJE5wHW3W1ik4rg7GUa6sFgKYbKR;;;
1HmnCBPkPxT54xsXcjXjSUbNEG1CMDdrgi;13D9eWUQEKiWz3G1uAcAhcNZ1DMzqt4tLW;;;
1HmnCBPkPxT54xsXcjXjSUbNEG1CMDdrgi;3N4v5K3ABoZDkUZbc5jyCfxEEHAQR9jh6r;;;
1G7WuuYwPdJrVSBeGoFwbGus3XqCRUwMJg;18eNctsbj9Ea3zMMzVDgyVecWnh1pikPBe;;;
1G7WuuYwPdJrVSBeGoFwbGus3XqCRUwMJg;14Po9xeKDCuHaFtePSaJ9ksCn6gqGaDn7D;;;
1JzRYxHEYRBgR5bBBHMsQEWgtCspPzPtZ7;18eNctsbj9Ea3zMMzVDgyVecWnh1pikPBe;;;
1JzRYxHEYRBgR5bBBHMsQEWgtCspPzPtZ7;14Po9xeKDCuHaFtePSaJ9ksCn6gqGaDn7D;;;
1Do1cjPNU9qyK6rkvGGT1DNQBgDHn2UoCY;18eNctsbj9Ea3zMMzVDgyVecWnh1pikPBe;;;
1Do1cjPNU9qyK6rkvGGT1DNQBgDHn2UoCY;14Po9xeKDCuHaFtePSaJ9ksCn6gqGaDn7D;;;
14oTGwnYKvfsbmJw5p3ZnPQb9J9rsLVPFX;1CE6n1JLaQURTwsfTFcapycRFW55HNy2YV;;;
14oTGwnYKvfsbmJw5p3ZnPQb9J9rsLVPFX;3MoVwDv16g93gp7sYMLx71Zi6iBVAqJud7;;;
13pbxuSUrAxn8B2jThRkRPdgZ7ygEBcbd6;3HGmaC4HLm3L4ASDb4rEW4ghEdaKUWDiVE;;;
13pbxuSUrAxn8B2jThRkRPdgZ7ygEBcbd6;1KEjWSqmwiUadYyR4X9P9rm1EaFwnZK4yG;;;
1GHtTPRmtbRAfJJJ9BEqzBn18ArLJQprPX;1GHtTPRmtbRAfJJJ9BEqzBn18ArLJQprPX;;;
1GHtTPRmtbRAfJJJ9BEqzBn18ArLJQprPX;3Ja2hRmmj1Demb5gxzvegRtkCWwiTwkGHy;;;
18mRmENiTo6W2q69DDVoenGmMbJTrK3MoB;39q78Mjoxe2uds9q1NDLM1C7RBUAKCpAa6;;;
18mRmENiTo6W2q69DDVoenGmMbJTrK3MoB;18mRmENiTo6W2q69DDVoenGmMbJTrK3MoB;;;
15avhtdVuuPN7TTwVRbjFyf1a2ZZGPrYGb;3BN3Cer67evpJAZaLCLk1ypB4qgGN9X7tF;;;
15avhtdVuuPN7TTwVRbjFyf1a2ZZGPrYGb;15avhtdVuuPN7TTwVRbjFyf1a2ZZGPrYGb;;;
19fcy2wRwkD7xMoUcitXeco6Y47fApw6gf;1LX6NgLHt9D9ctPSnrhEkSFebNGD8Fb2YV;;;
19fcy2wRwkD7xMoUcitXeco6Y47fApw6gf;34CcLK2Yda6R8nMNNiH3UJ7BmxonS6NcFG;;;
1EpssaGpw5Gr8w1hSfSLEVJsZHN6RnLSYi;3AUb1UqYst7bF7KhiYvhC4bSoyz5x8Cu4F;;;
1EpssaGpw5Gr8w1hSfSLEVJsZHN6RnLSYi;1EpssaGpw5Gr8w1hSfSLEVJsZHN6RnLSYi;;;
14A5TJWDycK29aaSRmBUcFVBArrmyrDUZL;14A5TJWDycK29aaSRmBUcFVBArrmyrDUZL;;;
14A5TJWDycK29aaSRmBUcFVBArrmyrDUZL;3FxjXsRBLiJuMSQJgsPqquxaeEWaRwsgNg;;;
1GWUxUETUpbjzrLRmk6EbCzfwvrxS4SWcv;1GWUxUETUpbjzrLRmk6EbCzfwvrxS4SWcv;;;
1GWUxUETUpbjzrLRmk6EbCzfwvrxS4SWcv;3DJMdFPAg7gnuj7vRSte6ubZqRKwVKwv1m;;;
1FB8ag2Gyso5NT283WvPuo6uKPVFG6ogVC;3EhgobtiXuy72JXzk4bEcYJpjc6zJSuYZc;;;
1FB8ag2Gyso5NT283WvPuo6uKPVFG6ogVC;1FB8ag2Gyso5NT283WvPuo6uKPVFG6ogVC;;;
1K7BWtxsq7uSKxU3gkDqvyxvTUi4oV2iC4;1BbURoLbDcC2hWkAzcNXHTw7bQxqHPXUfq;;;
1K7BWtxsq7uSKxU3gkDqvyxvTUi4oV2iC4;1K7BWtxsq7uSKxU3gkDqvyxvTUi4oV2iC4;;;
1FLoSN8D6WdFYR1mCVctAtnJzuC7345E1C;16swaaVUWkmzfkhG3P9fVXudAx59HupaGr;;;
1FLoSN8D6WdFYR1mCVctAtnJzuC7345E1C;1LiADJSkLvu5WmkoZKvEwUYHaH9Sxgrkre;;;
17EfiKAv6nPAt9QXkDQiv4y7qgKko9e56g;1L83ysCTXCUxfE7SKPJhTUT573GPNu7G4z;;;
17EfiKAv6nPAt9QXkDQiv4y7qgKko9e56g;1HPeb1SPqhPf8a6idCiR3Sa2m24ooVKvhs;;;
1AJ4PrABTE6QTsqt9zbxtWSQ4fiyZhHYmB;14ec3EUqtjiBCpgjp9RdS6rmEBhzf4nipV;;;
1AJ4PrABTE6QTsqt9zbxtWSQ4fiyZhHYmB;1JvCAw8arCoDj39eazbkApf1ASqrHwP76V;;;
1ektqYchDDgCw3CKKduPLoprgSvwPuXcR;1ektqYchDDgCw3CKKduPLoprgSvwPuXcR;;;
1ektqYchDDgCw3CKKduPLoprgSvwPuXcR;1BtC81AgsYFQGRnXUYQ1oG5Jfhf9yYByhQ;;;
1An4xV6MfU78E6FVe28iSQj15JWfJqtMQN;1GL1TCae1paKrCNhXHWwvfXhRKU3ZV3j2d;;;
1An4xV6MfU78E6FVe28iSQj15JWfJqtMQN;1An4xV6MfU78E6FVe28iSQj15JWfJqtMQN;;;
1KDyGdAhcCJTDQE5S7iadMvTcEyemwUMuf;194mD7dsTp5mbhUU8T8n1mLh44jkkRhuCM;;;
1KDyGdAhcCJTDQE5S7iadMvTcEyemwUMuf;1HSzxnJbk88x3DUyu96XUHuQ6ceHHsgCMc;;;
1683nFK91cgaHub5bq8GK9EBtX8wwn8kyY;16W5paLL2P5ezaheUMLT1T8MyhcSaCDkXr;;;
1683nFK91cgaHub5bq8GK9EBtX8wwn8kyY;1683nFK91cgaHub5bq8GK9EBtX8wwn8kyY;;;
1HqwrCCWnJqeCxEbuPpHxKnXWZe2rRaC4A;1LuLSCeUXXP7ydoNUQ6NHS66wRH7YnxBrr;;;
1HqwrCCWnJqeCxEbuPpHxKnXWZe2rRaC4A;13Q2Kw7AHUteEQVRe43TLRww5Y7wHpu9Ee;;;
1AnGXEmgZtr9ext7ks3DAZx7PHu1fbJK4W;16pBGYkK5uLE89EC7Lng9jmpDEyDGb7iRC;;;
1AnGXEmgZtr9ext7ks3DAZx7PHu1fbJK4W;1HSzxnJbk88x3DUyu96XUHuQ6ceHHsgCMc;;;
1JwUqNw9zdChcMuefbkTvsCob2rfy5Aq81;1JwUqNw9zdChcMuefbkTvsCob2rfy5Aq81;;;
1JwUqNw9zdChcMuefbkTvsCob2rfy5Aq81;1PWzDZeLr8xYZTj135T3qzvH2vgfCMT6P6;;;
1CSSwQPD4w2ivE5AqphcdZvMA9QB9xZF6n;12NFNnvgDBmAhjyMxZMmhq4BaDS9ugxxZS;;;
1CSSwQPD4w2ivE5AqphcdZvMA9QB9xZF6n;1HSzxnJbk88x3DUyu96XUHuQ6ceHHsgCMc;;;
1HeM34YFtqvWbat4o2BhYkEaKx2EESAvLJ;1ET38fUZKPDQSJ8UGSh3kiAYMzwb8oJj5k;;;
1HeM34YFtqvWbat4o2BhYkEaKx2EESAvLJ;138KaenJLLFvsnGk4K4EP94QiQLyMa5svV;;;
1A1rhTz8BGeAwvxHSAxoAExX29TjbNzdGP;1LU6CYLApzdLVaig58zQt3CA1dVLXLVDUQ;;;
1A1rhTz8BGeAwvxHSAxoAExX29TjbNzdGP;1F66kK65ncZPHrkMsv7cbGopoqygJ7Hcjc;;;
1Mzw8A1VHAy5ibq7eebXVTjK3Aq83J83C2;1LaZS6YWp5tauFtsUXTyVcBHvMj7JsdG9G;;;
1Mzw8A1VHAy5ibq7eebXVTjK3Aq83J83C2;1Mzw8A1VHAy5ibq7eebXVTjK3Aq83J83C2;;;
1CCCwnNgkMb7x1yNZTrPfyXciZL7KfdJVo;12ypAAGtbZKH2pF399wniHiaFvAuPW2W6T;;;
1CCCwnNgkMb7x1yNZTrPfyXciZL7KfdJVo;1CCCwnNgkMb7x1yNZTrPfyXciZL7KfdJVo;;;
1HbcAQsqWW1higHH4aUN8RTU57mxixzjWX;18iHcSMiqin8cY3ezNHEk6aVMnPbPUyLtB;;;
1HbcAQsqWW1higHH4aUN8RTU57mxixzjWX;12g6pDYzJ8CCznijL1A11rHFRYvfbmuwHx;;;
17FGp5zrpVMC35oZmwcEstqEWEfpbuGXUm;12CXoaqHcx7bsE5QtGVvjm7rF2RGgfyFbD;;;
17FGp5zrpVMC35oZmwcEstqEWEfpbuGXUm;1LjwrYvLKww3p4d8D6LLPqSCo1ezSP86hm;;;
1K1uDk8HdTn77DwBWuCNW1MdWe5WMqhJY;1K1uDk8HdTn77DwBWuCNW1MdWe5WMqhJY;;;
1K1uDk8HdTn77DwBWuCNW1MdWe5WMqhJY;1Kdz1X8E9K51p4ic5dfWzS4EzqoovfFDe2;;;
1APgKffjS83CHt11YUNgHgQDCQ7fJcA2kV;1JRMyVowpAxQi1r1QaY9arnv5ofP771r4W;;;
1APgKffjS83CHt11YUNgHgQDCQ7fJcA2kV;1LvVyUsEW9kvdBWW1ZWsqxQdo9VhMmZGJn;;;
1PP9NEUx2rcM99BQKoePWjs7SuYgmQdjEW;1D8AcGEZsZRFBYhwG1kbUKUTpk2j2w33YK;;;
1PP9NEUx2rcM99BQKoePWjs7SuYgmQdjEW;1BnZfxNo6B8QS274D6e5i4SzScHDN6waxJ;;;
1KEAZwFwCvjYRRCfWcK5T3C1haWRmWNe2q;1KEAZwFwCvjYRRCfWcK5T3C1haWRmWNe2q;;;
1KEAZwFwCvjYRRCfWcK5T3C1haWRmWNe2q;1HiPmRRQvWPYRkLXoVtrT7BTjeuU6qLdeU;;;
1EnpDw5HgESv8MQJbxhbNYcH4EtZj89VRC;1D8AcGEZsZRFBYhwG1kbUKUTpk2j2w33YK;;;
1EnpDw5HgESv8MQJbxhbNYcH4EtZj89VRC;1BnZfxNo6B8QS274D6e5i4SzScHDN6waxJ;;;
14UA7iyF8ojvvGpbzRCQSPnUMoHarJcAsx;14UA7iyF8ojvvGpbzRCQSPnUMoHarJcAsx;;;
14UA7iyF8ojvvGpbzRCQSPnUMoHarJcAsx;1CsZVHUzxvhW6VtvNkQpSrprhd7pRnWxNC;;;
1HCjEW42X8tcCtvVMiAQNJnbpcNgPTLPM8;1HsgBY8uFWut8sjiauKG2mvUqtgkPTGfA8;;;
1HCjEW42X8tcCtvVMiAQNJnbpcNgPTLPM8;14XKFQ4owckrMaYzb7CgPZZxTRvdmkjYKf;;;
1AFoVnv726ftppPxNkfkcG51r8mxMxcaem;1Bp7kectxtgUxJVeZPYns6dSGB2Gr6NvZe;;;
1AFoVnv726ftppPxNkfkcG51r8mxMxcaem;14gwnC6L4J7k6y121ik9TbQtXb4htWMuJy;;;
1HDskokvzN9PB3DeRP34iERofJf1kjgd6j;1MQi3MYzuVwJwYSjFs7TaSc7XAohsHZdVu;;;
1HDskokvzN9PB3DeRP34iERofJf1kjgd6j;1LJTh9G6aizyN4gQhTwFxM8THHRd2GJCuH;;;
15Jsa1ABUs8qyMoec4yrBHq6DZ8Ae3b7tG;1QKmUvf2WgiwgZMKN2S73FPdEyitJ7Fxsy;;;
15Jsa1ABUs8qyMoec4yrBHq6DZ8Ae3b7tG;15Jsa1ABUs8qyMoec4yrBHq6DZ8Ae3b7tG;;;
14gpMKvEW9fjV9cp83BJkRS1wNp3CscQ4V;14gpMKvEW9fjV9cp83BJkRS1wNp3CscQ4V;;;
14gpMKvEW9fjV9cp83BJkRS1wNp3CscQ4V;1Lw5FrCsgSB65eV2AyHdpYJ6etqCdFBW4x;;;
19TySJbAThxifNVYvaWZS7EkgsmPtznsWn;1bMN8bj7EWesVCDjz4VzkCG8dPEq9ctuJ;;;
19TySJbAThxifNVYvaWZS7EkgsmPtznsWn;14wXrm49HxggbdQ6RGfWY8qghGEWhLA28K;;;
19iVyH1qUxgywY8LJSbpV4VavjZmyuEyxV;1FsnPGVi9uZbQtMuLKvmPyco8zxfisaLx9;;;
19iVyH1qUxgywY8LJSbpV4VavjZmyuEyxV;17BymcHaGRbXGnEzR2m9woUYNf9FBPPJ2P;;;
1Lsqcv4cg5zUctNi2qwNxMkrv1GeBboSUJ;17GoEpW6fbKatDgqD4UVyN1dVKV5c9XGcJ;;;
1Lsqcv4cg5zUctNi2qwNxMkrv1GeBboSUJ;1GUkazUBpXWdSJ9HbgTapAH7uybpi3Cs6K;;;
1FVvzdUGv276sAgQYyxkBrFmz71Kayhktx;1FVvzdUGv276sAgQYyxkBrFmz71Kayhktx;;;
1FVvzdUGv276sAgQYyxkBrFmz71Kayhktx;1ApSkezgwtwpivrCpue18pGXYKBjurLAhi;;;
1EgjUqeYgo6DNgmZc2f5hBbq3f7ntXQoF8;1EgjUqeYgo6DNgmZc2f5hBbq3f7ntXQoF8;;;
1EgjUqeYgo6DNgmZc2f5hBbq3f7ntXQoF8;15KZKs2DQsMkMxJeiDd9YoaRFZj8JxdeuB;;;
1EykPbrqWLqB27r8Sm1X8Mfa3iaGwgEmq6;1D9G18YVQwUHMNpyL8fN5b1xJgiBBVSp2B;;;
1EykPbrqWLqB27r8Sm1X8Mfa3iaGwgEmq6;14gxhxfAaRB8ZV1fc4NBdyaniUdJeHdrGs;;;
1B6ZNwyaa7Ej4MKZYsGkZ14UD1TToK7YHR;1JHv4iC3GRqKLvb1jpa8Ypk2WigFAKFTu7;;;
1B6ZNwyaa7Ej4MKZYsGkZ14UD1TToK7YHR;14wXrm49HxggbdQ6RGfWY8qghGEWhLA28K;;;
1FNCxHpxGXh6e7dPGd5DPLYQVX8GfcjyEv;16wFJUZrMah3LTTXCTWa75RgUfomWpztdJ;;;
1FNCxHpxGXh6e7dPGd5DPLYQVX8GfcjyEv;1FNCxHpxGXh6e7dPGd5DPLYQVX8GfcjyEv;;;
1Mzw8A1VHAy5ibq7eebXVTjK3Aq83J83C2;1Mi9E32zTg3awrCRni7maHTASoj4xWop43;;;
1Mzw8A1VHAy5ibq7eebXVTjK3Aq83J83C2;1Mzw8A1VHAy5ibq7eebXVTjK3Aq83J83C2;;;
1En5GpATzda3GGqjwi3PnjBhfn6iJBcuvK;1DDNygLwBxqbkxjBgnJTMc4jxRDBTuQ1Km;;;
1En5GpATzda3GGqjwi3PnjBhfn6iJBcuvK;1NGENa4aXRW485saPum4UcTe6zqXd186st;;;
12iEyEZFi9RUZr1gcNmuJ5E4MopEwoYebg;1PcZtD4bv7SjfJLcANUMsh4XLNTg8yngsr;;;
12iEyEZFi9RUZr1gcNmuJ5E4MopEwoYebg;12iEyEZFi9RUZr1gcNmuJ5E4MopEwoYebg;;;
1E6ogqDDqNXD8aVLpUy3R8g8BBCoyGHjxP;1Ezh1tgVBVNPSioqHxW3J7nXqpgsf7xLAE;;;
1E6ogqDDqNXD8aVLpUy3R8g8BBCoyGHjxP;1E6ogqDDqNXD8aVLpUy3R8g8BBCoyGHjxP;;;
184mwR9H5vSq9BokHyTskEn37P2xhebfok;1Po4J4SNyJuGnMGYJfGTXLEvGgAZKiddr7;;;
184mwR9H5vSq9BokHyTskEn37P2xhebfok;1MXcuBdP8vdBMuHfP98sSoB3WLkAD7Vxes;;;
1FVvzdUGv276sAgQYyxkBrFmz71Kayhktx;1FVvzdUGv276sAgQYyxkBrFmz71Kayhktx;;;
1FVvzdUGv276sAgQYyxkBrFmz71Kayhktx;1Pn7K2qoyqRvTyqaeP918SdqbuVFb14jfA;;;
12HPxwCwLRKkgcjyBaWGgBgpPPKEzsyddB;1LinYw4aBwYhCxsGipPDv6ywemNCrPza2Y;;;
12HPxwCwLRKkgcjyBaWGgBgpPPKEzsyddB;1CTqxpgXizLatBwhwHLHRFUZsCXZS53PPc;;;
17fw481T1B43M8cfNctoM6a4Dw11YpBfgD;1P6kU3TQzF5A5MNYvV55hiLd3emyozoXMm;;;
17fw481T1B43M8cfNctoM6a4Dw11YpBfgD;17fw481T1B43M8cfNctoM6a4Dw11YpBfgD;;;
12Nh2JTtR7cPw6kCWnPUk35U7PY6CFr9Zt;1NX6ViwHHZVCvYyNZtdsPcsA6Hfrj7c42y;;;
12Nh2JTtR7cPw6kCWnPUk35U7PY6CFr9Zt;17CrYhx9qDPcoPD48kn5P72dcUbhAX8t4y;;;
17CrYhx9qDPcoPD48kn5P72dcUbhAX8t4y;13XDCEPKyqx9tb4HJoAFjCBDhP4HFKcvQk;;;
17CrYhx9qDPcoPD48kn5P72dcUbhAX8t4y;13RaKo4zTtRKwfmjQeKUW1uPNgNTo4Ffqz;;;
17E9EypNNyKwxTUbzpVreA2jD8toSwViGc;17RDdpx7L42BFXntjLuXiwWnsHvbuj8GWp;;;
17E9EypNNyKwxTUbzpVreA2jD8toSwViGc;1HtqDMWgn6186e8t3EesZQiw7gNbaPJfJH;;;
18cVXEkRyWU8Z4VT7TvzgWZhqKJLdC2w3M;1N6xFq6MvKTY9TDytnY8TMw5fmdKs9KQKa;;;
18cVXEkRyWU8Z4VT7TvzgWZhqKJLdC2w3M;1FbjkMLxvS3bBjbWNtUxSNmxBMx9Axrrxi;;;
1JyJkRAQENXba7QnaMjrJPHiNSZHwzy6Zr;1JyJkRAQENXba7QnaMjrJPHiNSZHwzy6Zr;;;
1JyJkRAQENXba7QnaMjrJPHiNSZHwzy6Zr;1BUk2ub28FVHVtFHLAvApWGfSNQh1PC9T4;;;
1Fr3nsVcpf5EUYfbofWJgD3ZQbfXeF3PcQ;1Fr3nsVcpf5EUYfbofWJgD3ZQbfXeF3PcQ;;;
1Fr3nsVcpf5EUYfbofWJgD3ZQbfXeF3PcQ;1BXPvsgJSsigrqdEcucRKnidsvDuZpKiYG;;;
1JFME13JLW2wCxrLYwDNRzb5RWEm9q1tvw;1E4SkBgjvdPsqYF3rPAoW29Zun6L5yWQmy;;;
1JFME13JLW2wCxrLYwDNRzb5RWEm9q1tvw;1EsemamZMj5yEhASAi2c3Z5Yk4qSRQgHwv;;;
18cVXEkRyWU8Z4VT7TvzgWZhqKJLdC2w3M;1Brz5Nw9oxeZxbDg9jL7AAj2CDsaFCjt8t;;;
18cVXEkRyWU8Z4VT7TvzgWZhqKJLdC2w3M;1LWP8jtRkmEUkgeCsfSCMsYFrFbVgvXfdR;;;
19F77gUAY9DcrzJR2zVvVH19KpZyTUDXT2;19F77gUAY9DcrzJR2zVvVH19KpZyTUDXT2;;;
19F77gUAY9DcrzJR2zVvVH19KpZyTUDXT2;17SJtdbFZxm5L5SGfSDZLPiPvFEyQ3LSAZ;;;
19F77gUAY9DcrzJR2zVvVH19KpZyTUDXT2;19F77gUAY9DcrzJR2zVvVH19KpZyTUDXT2;;;
19F77gUAY9DcrzJR2zVvVH19KpZyTUDXT2;15SUXxpTXEHuTqhRhULCmfUJWGBX7FpGhL;;;
1GB1dJjCTVieMJxSKHNp3zRSmGH4pXJXbB;1GB1dJjCTVieMJxSKHNp3zRSmGH4pXJXbB;;;
1GB1dJjCTVieMJxSKHNp3zRSmGH4pXJXbB;15Qyc94XxwGHGKsgebAM3YPs6mL52XxLTX;;;
18cVXEkRyWU8Z4VT7TvzgWZhqKJLdC2w3M;1PCJUBSBwmbS9Hg1h7UchUsHrZxrfZ8Ze9;;;
18cVXEkRyWU8Z4VT7TvzgWZhqKJLdC2w3M;1ArnWbq7uc3rxD3ViDKy2Z3CR9hm79ixZG;;;
17Tf1hQd98MPjfZLtyRAyrQDa9zod5PJqf;17Tf1hQd98MPjfZLtyRAyrQDa9zod5PJqf;;;
17Tf1hQd98MPjfZLtyRAyrQDa9zod5PJqf;1JAiunsad6Nj8VtaqfJx8aSCg6QWnb2zZu;;;
1EQDYNuxmfyicBxW8HGeLpDN7fCDUcVFPE;1EQDYNuxmfyicBxW8HGeLpDN7fCDUcVFPE;;;
1EQDYNuxmfyicBxW8HGeLpDN7fCDUcVFPE;1H5sXmsEUWkstwyVzzQoy5ZWDiBbW8RLSw;;;
1LojGQPpPAP6VLMvUv1cWR4LmWRAvQMSUh;1DSyNFfcB5zWJr8QPEarGvHwpnALJxGaZJ;;;
1LojGQPpPAP6VLMvUv1cWR4LmWRAvQMSUh;1LojGQPpPAP6VLMvUv1cWR4LmWRAvQMSUh;;;
1PUV29mGLpnXj1kQkVHURe9gY8SRTiJTRt;1N2H7kPXYaU8AKywFMUtMCt4GnV5wTtgFf;;;
1PUV29mGLpnXj1kQkVHURe9gY8SRTiJTRt;1HuFByhjyvKhnCk5enf1F9jBrb4Pr1TYg9;;;
1JHHJsaXyhJgwpYpSh3mvRd2gdzRBXdAGt;16sUhZFiCSa7PzZxoADwgwz8RakdTGzxPp;;;
1JHHJsaXyhJgwpYpSh3mvRd2gdzRBXdAGt;14LNCEEu5XYUoXU9XPHc2paFz4tWpJ2zFh;;;
1FgbrzodyqWDB4Y9GshibrYqT1nUBUPqt3;16azKhUSLtkqiN8mpRdWW54B5D6xrBaro3;;;
1FgbrzodyqWDB4Y9GshibrYqT1nUBUPqt3;1FgbrzodyqWDB4Y9GshibrYqT1nUBUPqt3;;;
17WLTZuWCRrZxkj3CxZPafQMQ74jJ64VKR;14u9U3s2Ko2jAA1qY7ijicJobVqdYjyxwU;;;
17WLTZuWCRrZxkj3CxZPafQMQ74jJ64VKR;16RC3RzEK8VyWaLYPJ39H3QfNP5rHPUFCe;;;
1Bac5NiCk23SBB3QskTyJMp99fhaXN7J8U;1Bac5NiCk23SBB3QskTyJMp99fhaXN7J8U;;;
1Bac5NiCk23SBB3QskTyJMp99fhaXN7J8U;13XgMU9FEFtvTDtx1SniPpJTpPFwvqxr7g;;;
12L8tdpfcTB2doiQHumUb3nzzU1DorEjjT;1HAYD6ZvbAa8oU4ca6cF5fwMb4dyixFgXP;;;
12L8tdpfcTB2doiQHumUb3nzzU1DorEjjT;1MA3GAQBZyyWmw1zVPJ3f8aVrwDNe9ZV5Y;;;
1Lsqcv4cg5zUctNi2qwNxMkrv1GeBboSUJ;12ucu9bHLe2w2ahjibVtp3xmdcGkgUmX4A;;;
1Lsqcv4cg5zUctNi2qwNxMkrv1GeBboSUJ;16myw1SZTC3zwsq8cgovjUv2i8tFJizJTk;;;
1MpDvWxAsKufUZooZWtu3ewBJBC85kiSfm;1MZQSDUDcgbxyh4cGkMZjpGNbxnFt48LKn;;;
1MpDvWxAsKufUZooZWtu3ewBJBC85kiSfm;15v6A1c54mz1fvfYREtv68iMuuCMsedTpt;;;
1MZQSDUDcgbxyh4cGkMZjpGNbxnFt48LKn;13iCBppQAsC43GrJG3PNEecYgy5sC6vAi3;;;
1MZQSDUDcgbxyh4cGkMZjpGNbxnFt48LKn;3JfYVUAfdSayg2LQv6uRxHduF95TS56LqJ;;;
13iCBppQAsC43GrJG3PNEecYgy5sC6vAi3;3JfYVUAfdSayg2LQv6uRxHduF95TS56LqJ;;;
13iCBppQAsC43GrJG3PNEecYgy5sC6vAi3;17cxJVWv3YqLMdYhqFaGxRMmdP9R91Xb5K;;;
17cxJVWv3YqLMdYhqFaGxRMmdP9R91Xb5K;1Q9gT6ccqPtMUgxLZHqFuTtKEyvdYDnwYq;;;
17cxJVWv3YqLMdYhqFaGxRMmdP9R91Xb5K;1NYg1iFoMtdDWzurkGEzNowsq8teSE7GT5;;;
1ChmcsbQrJTzepFZMDr35K7iQAxbKgQsTF;1ChmcsbQrJTzepFZMDr35K7iQAxbKgQsTF;;;
1ChmcsbQrJTzepFZMDr35K7iQAxbKgQsTF;15e2BxdJKe7crFThG6VaMkkguhzLSpzdAJ;;;
13EVnaBB4kLJZzXdfzEtHjvSabhwSPXwnc;14L8G1ZgviPT9qEaBLoZfxmLAy5MQNRd4S;;;
13EVnaBB4kLJZzXdfzEtHjvSabhwSPXwnc;1CnoyudTqo2BrcCig8fNmTAeYhpqxRC1LR;;;
1EQDYNuxmfyicBxW8HGeLpDN7fCDUcVFPE;1EQDYNuxmfyicBxW8HGeLpDN7fCDUcVFPE;;;
1EQDYNuxmfyicBxW8HGeLpDN7fCDUcVFPE;1Fk1EPxZeFL4zLuH1jeGtfu8fWffzqGh7H;;;
1ZDi5DWAkjeCULeBSuuUkmnebMn4wUwiB;1E1GGPz5EqFhqvnmgtnPff8zDwqatH4e5o;;;
1ZDi5DWAkjeCULeBSuuUkmnebMn4wUwiB;1mkPfPqrzthQF5dQYyN61ApLzRnkVg7fU;;;
1Hst1XoYahDSyrRyLB8B1R2eNpP3AYJb9s;1E1BkRUYyXhmUCKtA1VmKM5jhejSJpbL5h;;;
1Hst1XoYahDSyrRyLB8B1R2eNpP3AYJb9s;1HYLqCd31mKCUu8pDYLmPo5K9XbnMtmjws;;;
1KYXrw4Ftkmomfs4iyVXUSqQeRX75Unoi8;1GUkazUBpXWdSJ9HbgTapAH7uybpi3Cs6K;;;
1KYXrw4Ftkmomfs4iyVXUSqQeRX75Unoi8;1MP1hV41dwEWnG2QUGpu98L6MYsr5fsnf3;;;
1EQDYNuxmfyicBxW8HGeLpDN7fCDUcVFPE;1EQDYNuxmfyicBxW8HGeLpDN7fCDUcVFPE;;;
1EQDYNuxmfyicBxW8HGeLpDN7fCDUcVFPE;1LJqDjvtaWQFtEFNuNC6YuDjSj16H8RX22;;;
1EQDYNuxmfyicBxW8HGeLpDN7fCDUcVFPE;1EQDYNuxmfyicBxW8HGeLpDN7fCDUcVFPE;;;
1EQDYNuxmfyicBxW8HGeLpDN7fCDUcVFPE;13tFcGc5Fi1xTUaPQeERoKiWBTC7XiWhQS;;;
1GDjcX8aZd5xfDpHs4SSrt55M5eW3pFL6E;165nmiFBWvp5CpS2aHLKaSQLbD9waKPftP;;;
1GDjcX8aZd5xfDpHs4SSrt55M5eW3pFL6E;1HuWWn8oduVkgY8eVXmQLSC4iNczTFHbPx;;;
19ehZ5Np3m8kqKbnCyVx69r7aVosiWQxpM;1D461HbdqbFnmADavC3qqdfvaJFtUXv8Zf;;;
19ehZ5Np3m8kqKbnCyVx69r7aVosiWQxpM;19ehZ5Np3m8kqKbnCyVx69r7aVosiWQxpM;;;
16Pw71okA4s8NxoSUxc7WGuBivP5KZpdR2;159nTNqEbKshUTebxijkWcmKoh15rGNmCo;;;
16Pw71okA4s8NxoSUxc7WGuBivP5KZpdR2;16Pw71okA4s8NxoSUxc7WGuBivP5KZpdR2;;;
1XrD3faHuK7LoCbfQoUwAVt26wNeRFbpZ;1XrD3faHuK7LoCbfQoUwAVt26wNeRFbpZ;;;
1XrD3faHuK7LoCbfQoUwAVt26wNeRFbpZ;13B4UV272xCFJEvzPj5JuUp5AsJUycF4Yn;;;
1GPLZt8Q3DRrJqKWgcUcvUBP9Gff1KTQJF;1GPLZt8Q3DRrJqKWgcUcvUBP9Gff1KTQJF;;;
1GPLZt8Q3DRrJqKWgcUcvUBP9Gff1KTQJF;1KCWoXEn6fVStd2F8erAvcQKm2Dq7rfbq5;;;
1MYha2rzw46Nw32t8tTV9s58nxdNvgUM2z;1B8kQJzVJYsRrZVR4rBCbryBK77fVSGSiK;;;
1MYha2rzw46Nw32t8tTV9s58nxdNvgUM2z;1MYha2rzw46Nw32t8tTV9s58nxdNvgUM2z;;;
1EQf1EDoNNaGEo8o2pt17pNtJ5cgXwLLgx;1EQf1EDoNNaGEo8o2pt17pNtJ5cgXwLLgx;;;
1EQf1EDoNNaGEo8o2pt17pNtJ5cgXwLLgx;1KdHnkjyWBc5QVZ5WUCcngCdNRY6PhZtkv;;;
15avhtdVuuPN7TTwVRbjFyf1a2ZZGPrYGb;1352SDFxsSz8T9pstheqvR5fqq8MAvt3bA;;;
15avhtdVuuPN7TTwVRbjFyf1a2ZZGPrYGb;15avhtdVuuPN7TTwVRbjFyf1a2ZZGPrYGb;;;
15avhtdVuuPN7TTwVRbjFyf1a2ZZGPrYGb;15riQRFWVRxq5NJ3Ec3r2yV7Zr4G2vsMNG;;;
15avhtdVuuPN7TTwVRbjFyf1a2ZZGPrYGb;15avhtdVuuPN7TTwVRbjFyf1a2ZZGPrYGb;;;
13FpspPnJWvNAcdb5P4LXkV2sC85N8GefY;1FhAyczXpizoym1br54jVfFFuDU1DZRbHN;;;
13FpspPnJWvNAcdb5P4LXkV2sC85N8GefY;18b3D5e5gpLLxyMhM8VHkRkntFqmpofSi8;;;
1DXr3wkjHdysovTy2pWNztqydWgsBsSxYC;1PhasALSxCbSzeoKW3hjMH7gYdYpEMunz8;;;
1DXr3wkjHdysovTy2pWNztqydWgsBsSxYC;1DXr3wkjHdysovTy2pWNztqydWgsBsSxYC;;;
1am2WRVyipJQ7KkxwdHQdgbUJMp6orEZu;1am2WRVyipJQ7KkxwdHQdgbUJMp6orEZu;;;
1am2WRVyipJQ7KkxwdHQdgbUJMp6orEZu;1KmursPxZHA7EGtRse5A52V6MT67n1vjt;;;
1Fr3nsVcpf5EUYfbofWJgD3ZQbfXeF3PcQ;1Fr3nsVcpf5EUYfbofWJgD3ZQbfXeF3PcQ;;;
1Fr3nsVcpf5EUYfbofWJgD3ZQbfXeF3PcQ;13obPqAmq3zx224P7TvUViJhuvw7dZmUfv;;;
1Fr3nsVcpf5EUYfbofWJgD3ZQbfXeF3PcQ;1Fr3nsVcpf5EUYfbofWJgD3ZQbfXeF3PcQ;;;
1Fr3nsVcpf5EUYfbofWJgD3ZQbfXeF3PcQ;14AwC7ms1paNoyAWNpvpNjYzLvq8pZ5v6x;;;
1Fr3nsVcpf5EUYfbofWJgD3ZQbfXeF3PcQ;1Fr3nsVcpf5EUYfbofWJgD3ZQbfXeF3PcQ;;;
1Fr3nsVcpf5EUYfbofWJgD3ZQbfXeF3PcQ;1NB5wndvtTNvt8b2oAyJZ3aRDkJLQgxPEv;;;
1EQDYNuxmfyicBxW8HGeLpDN7fCDUcVFPE;1EQDYNuxmfyicBxW8HGeLpDN7fCDUcVFPE;;;
1EQDYNuxmfyicBxW8HGeLpDN7fCDUcVFPE;14uXLaGocQHqBhVR9tmPoRNZnuiLH8f1aK;;;
1EQDYNuxmfyicBxW8HGeLpDN7fCDUcVFPE;1EQDYNuxmfyicBxW8HGeLpDN7fCDUcVFPE;;;
1EQDYNuxmfyicBxW8HGeLpDN7fCDUcVFPE;1Fk1EPxZeFL4zLuH1jeGtfu8fWffzqGh7H;;;
1ERgp2pEPYu8qxZMxAncs8wa7VeyRbtWmb;13UUYV2Em3VmaiFAnRz5EdQtM2NUj6EsbG;;;
1ERgp2pEPYu8qxZMxAncs8wa7VeyRbtWmb;1ERgp2pEPYu8qxZMxAncs8wa7VeyRbtWmb;;;
1EsYmEDtm1YMWGuRs6orqXKcQ5J9nKTssK;1GyCsXSFLnmbrFA7pCpT5JLrid4GXj5ckB;;;
1EsYmEDtm1YMWGuRs6orqXKcQ5J9nKTssK;1EsYmEDtm1YMWGuRs6orqXKcQ5J9nKTssK;;;
1KUHwnTB2rrD3DV6fgFk1tKiAYoxEDTEQG;1KUHwnTB2rrD3DV6fgFk1tKiAYoxEDTEQG;;;
1KUHwnTB2rrD3DV6fgFk1tKiAYoxEDTEQG;17A6T5iNsrMmMnCJT3JfffZ9ufVuj1RrM5;;;
1CZnjCyqFGeeFrFzXfraVQcoqeY9S2Z6Kb;1LDseeSf6mS1be7rA6vXX7vfiMBc3huwGo;;;
1CZnjCyqFGeeFrFzXfraVQcoqeY9S2Z6Kb;1HGe1f8CdyvdwiHgZbWParcLXQa8BMKGWJ;;;
1LSReY4GUiDm5rqXjGFjWVtYSxWxRax3aX;1LSReY4GUiDm5rqXjGFjWVtYSxWxRax3aX;;;
1LSReY4GUiDm5rqXjGFjWVtYSxWxRax3aX;1MzfhQooi7Uth4FB2faY5GxmBydxQrpvvu;;;
1ACjUTiQnSYeXRnPicch92cDfnHRkUJobz;1BtCjL1ics9gwHi6Z19xSLrvRZ6Z27BnYo;;;
1ACjUTiQnSYeXRnPicch92cDfnHRkUJobz;1ACjUTiQnSYeXRnPicch92cDfnHRkUJobz;;;
19AjWiVG3d9uGraizbSnd8bKoVundgPauq;1EamFV5WpFteKTYGF7vpRRQBsjqLJFJmJL;;;
19AjWiVG3d9uGraizbSnd8bKoVundgPauq;19AjWiVG3d9uGraizbSnd8bKoVundgPauq;;;
1PNuWV9gEiinbRjHgMS6VKwkVcRzDNdV9K;1PNuWV9gEiinbRjHgMS6VKwkVcRzDNdV9K;;;
1PNuWV9gEiinbRjHgMS6VKwkVcRzDNdV9K;1ByyrsomgFkabux2s9kESJyXVoUEnmHhUR;;;
13pgExZ3z8mfUkLUDAF7Bt9FdT66cGV6DP;13pgExZ3z8mfUkLUDAF7Bt9FdT66cGV6DP;;;
13pgExZ3z8mfUkLUDAF7Bt9FdT66cGV6DP;12RFKQDqchg6AKq6E514gei7fn6cAxLyCU;;;
1Bn8zMTN6URihacq7bEL8iofBWej8xd4NF;1Bn8zMTN6URihacq7bEL8iofBWej8xd4NF;;;
1Bn8zMTN6URihacq7bEL8iofBWej8xd4NF;1GP3yvYbLMeFf82LTFjaPaMGxRxVdCeUzJ;;;
1WLMHduFgwd8kdy5FQCTW6rb3Wg5W2Nwx;1NHjuDfg8VsTUZ8rrSRGp1Ctji5s6ah73x;;;
1WLMHduFgwd8kdy5FQCTW6rb3Wg5W2Nwx;18zWgUKuTqmAmQNAywv8Y35VBmWw9zXm9X;;;
18SAH1pemg92vzsZq6hSyu8vLkGcFxyUPn;1NHjuDfg8VsTUZ8rrSRGp1Ctji5s6ah73x;;;
18SAH1pemg92vzsZq6hSyu8vLkGcFxyUPn;18zWgUKuTqmAmQNAywv8Y35VBmWw9zXm9X;;;
1HRMdhzMbtVux5ZHT5oc3sJNErR5JZ15jL;18ZGaakB2BduMvKPBmoiYpqd5QkfcKKg6C;;;
1HRMdhzMbtVux5ZHT5oc3sJNErR5JZ15jL;12isSx73GPEtzPCxXVXmzbg6znB5WZQeS5;;;
1NxaBCFQwejSZbQfWcYNwgqML5wWoE3rK4;1NxaBCFQwejSZbQfWcYNwgqML5wWoE3rK4;;;
1NxaBCFQwejSZbQfWcYNwgqML5wWoE3rK4;1BoXXoBV52ebyHFGXYKfkEpenVYvB5KoF4;;;
1LuckyP83urTUEJE9YEaVG2ov3EDz3TgQw;1NxaBCFQwejSZbQfWcYNwgqML5wWoE3rK4;;;
1LuckyP83urTUEJE9YEaVG2ov3EDz3TgQw;1BoXXoBV52ebyHFGXYKfkEpenVYvB5KoF4;;;
1BoXXoBV52ebyHFGXYKfkEpenVYvB5KoF4;1BoXXoBV52ebyHFGXYKfkEpenVYvB5KoF4;;;
1BoXXoBV52ebyHFGXYKfkEpenVYvB5KoF4;18s33qkT4XCz2tztQrG8ZjRv2fATTqfNAT;;;
36WwPqvY4U4LNqK7sDSHLowxzyegDqkHhC;12g1PfKCYjTyBa418LiWtfr2BBLx5i9wzQ;;;
36WwPqvY4U4LNqK7sDSHLowxzyegDqkHhC;36WwPqvY4U4LNqK7sDSHLowxzyegDqkHhC;;;
1HmEZ6SCE9teJ9PrcxUx5wk7xVo598bQZq;3Fuomjht4ivaJBhaFmiF7CCcHkCWED5uiS;;;
1E7MZXAxbVkRq4D6pRc8EeTmUXWsHUeTdG;1EbfgPCw73F4QP9C1pFqbQTvPv55vv1LGZ;;;
125YYGo4DG6kWM1Xzj1eF2yH35yoZRSrqW;1CkPgNXVgbejk5sP5mMfDjsc9s91PepnGd;;;
13tdWLJkXjWKdLHuwaZ4VWJTN8ERebhgqi;1LEoAgTLuECBMeujtrmXkmiuHkNmdp7NU6;;;
3CD1QW6fjgTwKq3Pj97nty28WZAVkziNom;3CD1QW6fjgTwKq3Pj97nty28WZAVkziNom;;;
3CD1QW6fjgTwKq3Pj97nty28WZAVkziNom;13ucqTR82KAWSANA2tehjb59wNJjUaD2sd;;;
3CD1QW6fjgTwKq3Pj97nty28WZAVkziNom;1JPjMasJGMgdeJVmbC4fkHNRVpcr9YuU3V;;;
3CD1QW6fjgTwKq3Pj97nty28WZAVkziNom;3CD1QW6fjgTwKq3Pj97nty28WZAVkziNom;;;
11pkYfYpMgezGcJni1hsz8ADDmdyKtJ6z;1JE8G3pHb238Z1ga8JD95FqSSqKwH7fUtQ;;;
11pkYfYpMgezGcJni1hsz8ADDmdyKtJ6z;1FFkeBiV5z214McsjeDbNGvh3GHdRBN2Rg;;;
1PQxERp2bwN557NuvakJo6Eg2LKAvv4Bp5;1JE8G3pHb238Z1ga8JD95FqSSqKwH7fUtQ;;;
1PQxERp2bwN557NuvakJo6Eg2LKAvv4Bp5;1FFkeBiV5z214McsjeDbNGvh3GHdRBN2Rg;;;
1NxaBCFQwejSZbQfWcYNwgqML5wWoE3rK4;1NxaBCFQwejSZbQfWcYNwgqML5wWoE3rK4;;;
1NxaBCFQwejSZbQfWcYNwgqML5wWoE3rK4;1BoXXoBV52ebyHFGXYKfkEpenVYvB5KoF4;;;
1LuckyY9fRzcJre7aou7ZhWVXktxjjBb9S;1NxaBCFQwejSZbQfWcYNwgqML5wWoE3rK4;;;
1LuckyY9fRzcJre7aou7ZhWVXktxjjBb9S;1BoXXoBV52ebyHFGXYKfkEpenVYvB5KoF4;;;
3LyzXhVxR3foFpXZz4PZsUa2nyFesWwVyE;3A1Ds4u7oS4nvZfTmephtM2Pb8gXWY9bSc;;;
3LyzXhVxR3foFpXZz4PZsUa2nyFesWwVyE;36kf1qDX4EHS4fgzAJgm2L5vwnHQYpAgxx;;;
37CB9zG2yGyM4xZYacGKwn1728QtuZEyJj;1LMPC8pK3Msj5TwwzqLuqc4taQtGU4N5J;;;
37CB9zG2yGyM4xZYacGKwn1728QtuZEyJj;12QyCYzmGYHc16ei2hEpZ5j99RZkuSsJNr;;;
37CB9zG2yGyM4xZYacGKwn1728QtuZEyJj;1GV8yR63P18KibxKxeCyGFhdS88ZTMz145;;;
37CB9zG2yGyM4xZYacGKwn1728QtuZEyJj;3GpGgT3sFxcBtt6JZRG3Kn7N4JfmsszXy6;;;
35mwqShnStDro6uEB4bmsgbyBo8en6Byfm;1LMPC8pK3Msj5TwwzqLuqc4taQtGU4N5J;;;
35mwqShnStDro6uEB4bmsgbyBo8en6Byfm;12QyCYzmGYHc16ei2hEpZ5j99RZkuSsJNr;;;
35mwqShnStDro6uEB4bmsgbyBo8en6Byfm;1GV8yR63P18KibxKxeCyGFhdS88ZTMz145;;;
35mwqShnStDro6uEB4bmsgbyBo8en6Byfm;3GpGgT3sFxcBtt6JZRG3Kn7N4JfmsszXy6;;;
17HkkQMMeo744PC2sNVSjiWQyTEToMPbSu;1C2yYiVNgQhmvPNvE74dcPc2u7nyyBgf7w;;;
17HkkQMMeo744PC2sNVSjiWQyTEToMPbSu;1HdPjSLqS4wgvk2tdA7MPUZsjzQHvS9TUc;;;
1C19CtrswgdVpRngmg32XZ4btd8xWQ6hQa;1C2yYiVNgQhmvPNvE74dcPc2u7nyyBgf7w;;;
1C19CtrswgdVpRngmg32XZ4btd8xWQ6hQa;1HdPjSLqS4wgvk2tdA7MPUZsjzQHvS9TUc;;;
1HCPDn1zLrtg2qzHJQ7pBEFketWkmRjdbr;1HCPDn1zLrtg2qzHJQ7pBEFketWkmRjdbr;;;
1HCPDn1zLrtg2qzHJQ7pBEFketWkmRjdbr;34aG2AQUMiAvEVG3P73yJw73Ke8Xp5Tgmv;;;
14YigJETqJ5igDRxkq5R6uTdpMWWqEYsw9;1HCPDn1zLrtg2qzHJQ7pBEFketWkmRjdbr;;;
14YigJETqJ5igDRxkq5R6uTdpMWWqEYsw9;34aG2AQUMiAvEVG3P73yJw73Ke8Xp5Tgmv;;;
36kf1qDX4EHS4fgzAJgm2L5vwnHQYpAgxx;3NfBjK6PsXQk89nBHDBDmrj1ybzufzQfgS;;;
36kf1qDX4EHS4fgzAJgm2L5vwnHQYpAgxx;3CVQFciKdhYcn3Mr33tHegtjz3xJMoSTRq;;;
16w2AfP5kpLGdjyWFVF7qcTpMCguU1T1SQ;1MEe2mebed8wopvy8xyjjHcEQHUPVJn2UC;;;
16w2AfP5kpLGdjyWFVF7qcTpMCguU1T1SQ;3MdgbiNd4yt6eZM4tiTbyYJxJCJhufaUPF;;;
1KumbRsTcA6UNqU2MHEfqEFnAZYU3w3izR;1MEe2mebed8wopvy8xyjjHcEQHUPVJn2UC;;;
1KumbRsTcA6UNqU2MHEfqEFnAZYU3w3izR;3MdgbiNd4yt6eZM4tiTbyYJxJCJhufaUPF;;;
1AVwQ7BmpEpwxr8y871uLbiU7jxphu7TH3;12ShdBoxhyKXePv6mRWYkL5BKNRR3ohkyj;;;
1AVwQ7BmpEpwxr8y871uLbiU7jxphu7TH3;14wXrm49HxggbdQ6RGfWY8qghGEWhLA28K;;;
19iVyH1qUxgywY8LJSbpV4VavjZmyuEyxV;12ShdBoxhyKXePv6mRWYkL5BKNRR3ohkyj;;;
19iVyH1qUxgywY8LJSbpV4VavjZmyuEyxV;14wXrm49HxggbdQ6RGfWY8qghGEWhLA28K;;;
17o5zDFGNvP5H2iWd7aWbhacwS1HKDE4i9;17o5zDFGNvP5H2iWd7aWbhacwS1HKDE4i9;;;
17o5zDFGNvP5H2iWd7aWbhacwS1HKDE4i9;1Jtw1TG7SDKprhongiUiRFStkgmyJTTSyo;;;
15dUGciH7VAW4Ub7PGQdXs81KkfDZ67KPm;17o5zDFGNvP5H2iWd7aWbhacwS1HKDE4i9;;;
15dUGciH7VAW4Ub7PGQdXs81KkfDZ67KPm;1Jtw1TG7SDKprhongiUiRFStkgmyJTTSyo;;;
1DUpwKXAARKU4HfXMmD6ASwL9VGruVDrXL;1HH9Q7Wokp5TjTwn6CnYeFEH2uXFcZy3wt;;;
1DUpwKXAARKU4HfXMmD6ASwL9VGruVDrXL;1KzPHTJTdjNmjxtQMEHVDjVLaoGK5Xo5mw;;;
19mJhZAZsRCC6abZXRrz8jQixTqEWfrXUM;1HH9Q7Wokp5TjTwn6CnYeFEH2uXFcZy3wt;;;
19mJhZAZsRCC6abZXRrz8jQixTqEWfrXUM;1KzPHTJTdjNmjxtQMEHVDjVLaoGK5Xo5mw;;;
13ci2um6TJrorEcpk9juNcXNp4crxeYm4f;1PPAsKCmp3Vk2PCWJcZKqh3rjL4Z7MNLAK;;;
13ci2um6TJrorEcpk9juNcXNp4crxeYm4f;1EzUz4WdpVE8mqrdwiHqTBsraXF8nXKUqo;;;
15GvsaiaytxEnqC1WjTGwYej1sz7GmKGQd;1PPAsKCmp3Vk2PCWJcZKqh3rjL4Z7MNLAK;;;
15GvsaiaytxEnqC1WjTGwYej1sz7GmKGQd;1EzUz4WdpVE8mqrdwiHqTBsraXF8nXKUqo;;;
1GTo6nKTDAi5eL5DPmaxFuS7XHjboec5jh;1EC8kFQbfvrNKAiP1G1okg4hDTdNAUzn7;;;
1GTo6nKTDAi5eL5DPmaxFuS7XHjboec5jh;1MPxhNkSzeTNTHSZAibMaS8HS1esmUL1ne;;;
1j4AxjdjPaFLgJD8k2V4WromzkcqhbbGN;1EC8kFQbfvrNKAiP1G1okg4hDTdNAUzn7;;;
1j4AxjdjPaFLgJD8k2V4WromzkcqhbbGN;1MPxhNkSzeTNTHSZAibMaS8HS1esmUL1ne;;;
1DH91uSMA14KzfxmGTvtAQxmViUXLV2Agv;1MPxhNkSzeTNTHSZAibMaS8HS1esmUL1ne;;;
1DH91uSMA14KzfxmGTvtAQxmViUXLV2Agv;1W3erkoeVVHJ8Zdsg7dTHwrq9NYvRoEeA;;;
1H1Uq8fpzq4nEqSkQDSKqJLdq5x4DVjkJs;1MPxhNkSzeTNTHSZAibMaS8HS1esmUL1ne;;;
1H1Uq8fpzq4nEqSkQDSKqJLdq5x4DVjkJs;1W3erkoeVVHJ8Zdsg7dTHwrq9NYvRoEeA;;;
15SW2rtom36o8dywa7G2QTXjM5ezpdvk5x;1MPxhNkSzeTNTHSZAibMaS8HS1esmUL1ne;;;
15SW2rtom36o8dywa7G2QTXjM5ezpdvk5x;1ANTe5ZBAGT7wMHR5byToSy1BD2U9nj36x;;;
13fD1eYoyuvkZsUJZ9DYHN9yWA2Q9K9LXr;1MPxhNkSzeTNTHSZAibMaS8HS1esmUL1ne;;;
13fD1eYoyuvkZsUJZ9DYHN9yWA2Q9K9LXr;1ANTe5ZBAGT7wMHR5byToSy1BD2U9nj36x;;;
18C1hSZgFnbK7L4kpHdvwbnKCz3K15Di1v;1HFgq6vnpwJxvaDsz8HGA2TgjYYU8HtyBQ;;;
18C1hSZgFnbK7L4kpHdvwbnKCz3K15Di1v;14CT9iNUwE9BjsDwH5u73Ryj9hq5T8g8cs;;;
1PrBoA9mifbE19ZHqtQnTsWvUGNZwT31Eb;1HFgq6vnpwJxvaDsz8HGA2TgjYYU8HtyBQ;;;
1PrBoA9mifbE19ZHqtQnTsWvUGNZwT31Eb;14CT9iNUwE9BjsDwH5u73Ryj9hq5T8g8cs;;;
1KCYr9s3SRg5FZS4JL3SKqjcyXnRnFenDf;1KhqAVR7G8Qr9jB8soZGYesNUrpeSySUcF;;;
1KCYr9s3SRg5FZS4JL3SKqjcyXnRnFenDf;13vL72PEVvWzDvbyxzGBnqZfMCup8saTu5;;;
1HdPjSLqS4wgvk2tdA7MPUZsjzQHvS9TUc;1KhqAVR7G8Qr9jB8soZGYesNUrpeSySUcF;;;
1HdPjSLqS4wgvk2tdA7MPUZsjzQHvS9TUc;13vL72PEVvWzDvbyxzGBnqZfMCup8saTu5;;;
1ANTe5ZBAGT7wMHR5byToSy1BD2U9nj36x;1ANmJt179AEXxULcG4D2ua7w6539uMUVD4;;;
1ANTe5ZBAGT7wMHR5byToSy1BD2U9nj36x;18cKUwNZijDguysTqNaLoDmV2H37fhfYPe;;;
19dxQAkrA4hsLseAHgMGWHANHt38gpwJCj;1ANmJt179AEXxULcG4D2ua7w6539uMUVD4;;;
19dxQAkrA4hsLseAHgMGWHANHt38gpwJCj;18cKUwNZijDguysTqNaLoDmV2H37fhfYPe;;;
15avhtdVuuPN7TTwVRbjFyf1a2ZZGPrYGb;1352SDFxsSz8T9pstheqvR5fqq8MAvt3bA;;;
15avhtdVuuPN7TTwVRbjFyf1a2ZZGPrYGb;15avhtdVuuPN7TTwVRbjFyf1a2ZZGPrYGb;;;
15avhtdVuuPN7TTwVRbjFyf1a2ZZGPrYGb;15avhtdVuuPN7TTwVRbjFyf1a2ZZGPrYGb;;;
15avhtdVuuPN7TTwVRbjFyf1a2ZZGPrYGb;3N8ivN7YDWfnKErJ9d3Nzppr79RqXKzpoR;;;
15avhtdVuuPN7TTwVRbjFyf1a2ZZGPrYGb;1352SDFxsSz8T9pstheqvR5fqq8MAvt3bA;;;
15avhtdVuuPN7TTwVRbjFyf1a2ZZGPrYGb;15avhtdVuuPN7TTwVRbjFyf1a2ZZGPrYGb;;;
15avhtdVuuPN7TTwVRbjFyf1a2ZZGPrYGb;1Ch3S2RJ1qoo4LeFYFtp64wiMt357sQUQ4;;;
15avhtdVuuPN7TTwVRbjFyf1a2ZZGPrYGb;15avhtdVuuPN7TTwVRbjFyf1a2ZZGPrYGb;;;
15avhtdVuuPN7TTwVRbjFyf1a2ZZGPrYGb;15avhtdVuuPN7TTwVRbjFyf1a2ZZGPrYGb;;;
15avhtdVuuPN7TTwVRbjFyf1a2ZZGPrYGb;1ECxZJAUFkpL3BgCULYF5DpdDuRpU9JgF8;;;
19iVyH1qUxgywY8LJSbpV4VavjZmyuEyxV;19mURgNjeX8pBBJroCnGPv1CTVF3VnuLmR;;;
19iVyH1qUxgywY8LJSbpV4VavjZmyuEyxV;1MEe2mebed8wopvy8xyjjHcEQHUPVJn2UC;;;
16vrrW5GdHBf1jtMxd5hWmWPMHX3nuKttL;19mURgNjeX8pBBJroCnGPv1CTVF3VnuLmR;;;
16vrrW5GdHBf1jtMxd5hWmWPMHX3nuKttL;1MEe2mebed8wopvy8xyjjHcEQHUPVJn2UC;;;
1AVwQ7BmpEpwxr8y871uLbiU7jxphu7TH3;129vJGs3USgZhAiJCiPyg73yrMjXR1buhE;;;
1AVwQ7BmpEpwxr8y871uLbiU7jxphu7TH3;19iVyH1qUxgywY8LJSbpV4VavjZmyuEyxV;;;
19iVyH1qUxgywY8LJSbpV4VavjZmyuEyxV;129vJGs3USgZhAiJCiPyg73yrMjXR1buhE;;;
19iVyH1qUxgywY8LJSbpV4VavjZmyuEyxV;19iVyH1qUxgywY8LJSbpV4VavjZmyuEyxV;;;
1CWHcApBFrqQFChCyPPmVxLWktBPEEwFa1;1GVSJsBjXFBk86MkXnZb6P1k6hmRbEfM8t;;;
1CWHcApBFrqQFChCyPPmVxLWktBPEEwFa1;1KumbRsTcA6UNqU2MHEfqEFnAZYU3w3izR;;;
1MEe2mebed8wopvy8xyjjHcEQHUPVJn2UC;1GVSJsBjXFBk86MkXnZb6P1k6hmRbEfM8t;;;
1MEe2mebed8wopvy8xyjjHcEQHUPVJn2UC;1KumbRsTcA6UNqU2MHEfqEFnAZYU3w3izR;;;
17o5zDFGNvP5H2iWd7aWbhacwS1HKDE4i9;1DkoRrzcZA51hpZzPv7tGWNfgTR6b51EsB;;;
17o5zDFGNvP5H2iWd7aWbhacwS1HKDE4i9;17o5zDFGNvP5H2iWd7aWbhacwS1HKDE4i9;;;
1NkPfWZeRcxjkfGonFj5X6ub6xRdyULHoi;1DkoRrzcZA51hpZzPv7tGWNfgTR6b51EsB;;;
1NkPfWZeRcxjkfGonFj5X6ub6xRdyULHoi;17o5zDFGNvP5H2iWd7aWbhacwS1HKDE4i9;;;
1EoCD4y42TQ5K5pP8GbYqkxEcTQ28TgAkX;17o5zDFGNvP5H2iWd7aWbhacwS1HKDE4i9;;;
1EoCD4y42TQ5K5pP8GbYqkxEcTQ28TgAkX;1NhMav8rPt3fBV7HFuWhZj1bvuWPDjQSC8;;;
17o5zDFGNvP5H2iWd7aWbhacwS1HKDE4i9;17o5zDFGNvP5H2iWd7aWbhacwS1HKDE4i9;;;
17o5zDFGNvP5H2iWd7aWbhacwS1HKDE4i9;1NhMav8rPt3fBV7HFuWhZj1bvuWPDjQSC8;;;
17o5zDFGNvP5H2iWd7aWbhacwS1HKDE4i9;1Q8UP695MbSyF9KPe3ZYnA6GB5BDgTB42r;;;
17o5zDFGNvP5H2iWd7aWbhacwS1HKDE4i9;17o5zDFGNvP5H2iWd7aWbhacwS1HKDE4i9;;;
1EEcyb6DPKSUGjKgc9NRXQLB21wT28Quii;1Q8UP695MbSyF9KPe3ZYnA6GB5BDgTB42r;;;
1EEcyb6DPKSUGjKgc9NRXQLB21wT28Quii;17o5zDFGNvP5H2iWd7aWbhacwS1HKDE4i9;;;
17o5zDFGNvP5H2iWd7aWbhacwS1HKDE4i9;1FoznRDaeqvtMSH9AdS3suDcFAHHWBo7FB;;;
17o5zDFGNvP5H2iWd7aWbhacwS1HKDE4i9;17o5zDFGNvP5H2iWd7aWbhacwS1HKDE4i9;;;
1D3yr5qcRwbdxBYF459K3gUzDTFLqjnvr6;1FoznRDaeqvtMSH9AdS3suDcFAHHWBo7FB;;;
1D3yr5qcRwbdxBYF459K3gUzDTFLqjnvr6;17o5zDFGNvP5H2iWd7aWbhacwS1HKDE4i9;;;
17BymcHaGRbXGnEzR2m9woUYNf9FBPPJ2P;1Hh4z4GwPDR15Vi4BMaPXhv5rrzWHLsARw;;;
17BymcHaGRbXGnEzR2m9woUYNf9FBPPJ2P;1MEe2mebed8wopvy8xyjjHcEQHUPVJn2UC;;;
1NVtZxMJBmFUz7Ck3uNytCfYHc5ArNdBoL;1Hh4z4GwPDR15Vi4BMaPXhv5rrzWHLsARw;;;
1NVtZxMJBmFUz7Ck3uNytCfYHc5ArNdBoL;1MEe2mebed8wopvy8xyjjHcEQHUPVJn2UC;;;
1D8A2wZsip2midUP95qihgsMSiif7pGe9Y;1QGQA93k6Y29FSkrrrcBpPRxC5Dq2MGtWF;;;
1D8A2wZsip2midUP95qihgsMSiif7pGe9Y;1KHZMohCGgHVHezJ5bqFyormeQuvCFuo7i;;;
1KHZMohCGgHVHezJ5bqFyormeQuvCFuo7i;1QGQA93k6Y29FSkrrrcBpPRxC5Dq2MGtWF;;;
1KHZMohCGgHVHezJ5bqFyormeQuvCFuo7i;1KHZMohCGgHVHezJ5bqFyormeQuvCFuo7i;;;
1Go5kpWNERntGsQtj95rS7d9TRfcDW1LDv;1Go5kpWNERntGsQtj95rS7d9TRfcDW1LDv;;;
1Go5kpWNERntGsQtj95rS7d9TRfcDW1LDv;13pJTSAAgPbgq4pVA6TrdwE85dCr1pzczV;;;
1F2cjBTQ2ZwP4E2CKhVErQWwMpmp3zV6Gs;17EUwYsUpBmdQEjhMf2zzcUekvTeKfximR;;;
1F2cjBTQ2ZwP4E2CKhVErQWwMpmp3zV6Gs;19iVyH1qUxgywY8LJSbpV4VavjZmyuEyxV;;;
1EvaEGD8F4Xi7icrzQUZB7YN4msSS7GHtN;17EUwYsUpBmdQEjhMf2zzcUekvTeKfximR;;;
1EvaEGD8F4Xi7icrzQUZB7YN4msSS7GHtN;19iVyH1qUxgywY8LJSbpV4VavjZmyuEyxV;;;
17BymcHaGRbXGnEzR2m9woUYNf9FBPPJ2P;1MEe2mebed8wopvy8xyjjHcEQHUPVJn2UC;;;
17BymcHaGRbXGnEzR2m9woUYNf9FBPPJ2P;17LAN5N9osRRj4iKViD3u8aJqjtZzWTbc2;;;
17nawe6gnXknK8Uz5QVYj6pLS2XRaSXX4k;1MEe2mebed8wopvy8xyjjHcEQHUPVJn2UC;;;
17nawe6gnXknK8Uz5QVYj6pLS2XRaSXX4k;17LAN5N9osRRj4iKViD3u8aJqjtZzWTbc2;;;
17MjC3Y5FP2udBEt3RkpSUWpzTVjuH3dcz;12nYu2bv9zsP7hx2wKDy3U2xSaMGrL5brA;;;
17MjC3Y5FP2udBEt3RkpSUWpzTVjuH3dcz;17MjC3Y5FP2udBEt3RkpSUWpzTVjuH3dcz;;;
1CwUZ2m2JhDKUvZeRG43DR2Ju3xHFAtw8f;12nYu2bv9zsP7hx2wKDy3U2xSaMGrL5brA;;;
1CwUZ2m2JhDKUvZeRG43DR2Ju3xHFAtw8f;17MjC3Y5FP2udBEt3RkpSUWpzTVjuH3dcz;;;
1AwLrZQBuzF2z1kq9fKYtdTG3v5FfQT7aA;18Kb2kzdb8KsKjtL5S1BEQJTGq6vJZVZQ3;;;
1AwLrZQBuzF2z1kq9fKYtdTG3v5FfQT7aA;19RxZwUSfZujJVbiBWd5JDjhD5Svvv5319;;;
18cVXEkRyWU8Z4VT7TvzgWZhqKJLdC2w3M;18Kb2kzdb8KsKjtL5S1BEQJTGq6vJZVZQ3;;;
18cVXEkRyWU8Z4VT7TvzgWZhqKJLdC2w3M;19RxZwUSfZujJVbiBWd5JDjhD5Svvv5319;;;
14dVuBMDreYwGkKysVg45zB3GpNQsaakzk;1MLFT7ezuSku5qSY8pErwEwKbSBGxNiWE7;;;
14dVuBMDreYwGkKysVg45zB3GpNQsaakzk;1L3NFmCpv2WSeUF1dJ5aKTJi5Hc3nn6oJA;;;
1F5sDFRBjfxJPcuqBBWDwJJCJ6bQewcioK;1MLFT7ezuSku5qSY8pErwEwKbSBGxNiWE7;;;
1F5sDFRBjfxJPcuqBBWDwJJCJ6bQewcioK;1L3NFmCpv2WSeUF1dJ5aKTJi5Hc3nn6oJA;;;
1EDUM9MB856U11QULFNjYMivipQsNdNu9n;1M3emzxr3EHQHvMneYvgLtAh9pziS8PnY8;;;
1EDUM9MB856U11QULFNjYMivipQsNdNu9n;1FFUUsPJ3kSgJ3EeUec1ngUPHYtK2iXMfU;;;
1BVWjJDDaMiULw6zpHiWkkfdGZe7TyEeXH;1M3emzxr3EHQHvMneYvgLtAh9pziS8PnY8;;;
1BVWjJDDaMiULw6zpHiWkkfdGZe7TyEeXH;1FFUUsPJ3kSgJ3EeUec1ngUPHYtK2iXMfU;;;
186tFRXF42uUxae9YJGsvajDsf8FudWBtC;1MPxhNkSzeTNTHSZAibMaS8HS1esmUL1ne;;;
186tFRXF42uUxae9YJGsvajDsf8FudWBtC;19tbo33VwNtjASQWGLK4wVnTN91Kdhk5qJ;;;
1Lh2iCkFPRHkcWCfUgJCLAj2bPBEs5sRn8;1MPxhNkSzeTNTHSZAibMaS8HS1esmUL1ne;;;
1Lh2iCkFPRHkcWCfUgJCLAj2bPBEs5sRn8;19tbo33VwNtjASQWGLK4wVnTN91Kdhk5qJ;;;
16GZBRAxYURWJvUDy7hWTLQcRmoaAQbh5q;1DuQF15bDFp64qsxEDJXYabshnkudvfWar;;;
16GZBRAxYURWJvUDy7hWTLQcRmoaAQbh5q;1FbjEXHY9x1yVTLkL9nAJ3fjyJSHcu2jaa;;;
1Kxiz3mRkerq7rLHpRuxUDr5Ffmf8Lf65;1DuQF15bDFp64qsxEDJXYabshnkudvfWar;;;
1Kxiz3mRkerq7rLHpRuxUDr5Ffmf8Lf65;1FbjEXHY9x1yVTLkL9nAJ3fjyJSHcu2jaa;;;
1LY6Jg3F1GvbcLS9GZDwgq7YR3WHRaEDdp;14fAMqtvwHZK36xryin8UKk625hb4LRyvk;;;
1LY6Jg3F1GvbcLS9GZDwgq7YR3WHRaEDdp;1MPxhNkSzeTNTHSZAibMaS8HS1esmUL1ne;;;
1LFXihWG5ZtseQ5zo9LhZo4wxm4MeGg2Ya;14fAMqtvwHZK36xryin8UKk625hb4LRyvk;;;
1LFXihWG5ZtseQ5zo9LhZo4wxm4MeGg2Ya;1MPxhNkSzeTNTHSZAibMaS8HS1esmUL1ne;;;
1M1fFuPTjdmJ3fai9oD4WZHBEV9LTPuqwC;1MPxhNkSzeTNTHSZAibMaS8HS1esmUL1ne;;;
1M1fFuPTjdmJ3fai9oD4WZHBEV9LTPuqwC;13sMf24P2PPE8PdiQA9mc6Eqj5SHZXhqGW;;;
19cjwGV3Typ1TVbKy9t3e5jFvjAc6MuopE;1MPxhNkSzeTNTHSZAibMaS8HS1esmUL1ne;;;
19cjwGV3Typ1TVbKy9t3e5jFvjAc6MuopE;13sMf24P2PPE8PdiQA9mc6Eqj5SHZXhqGW;;;
1Lqb5JPD6R9ueUzNzgLdazP7oS758p8vAJ;1MPxhNkSzeTNTHSZAibMaS8HS1esmUL1ne;;;
1Lqb5JPD6R9ueUzNzgLdazP7oS758p8vAJ;1LacTtyW17GVHUd4sLJ3jWLt5X1qBUkNhk;;;
14fAMqtvwHZK36xryin8UKk625hb4LRyvk;1MPxhNkSzeTNTHSZAibMaS8HS1esmUL1ne;;;
14fAMqtvwHZK36xryin8UKk625hb4LRyvk;1LacTtyW17GVHUd4sLJ3jWLt5X1qBUkNhk;;;
1EamFV5WpFteKTYGF7vpRRQBsjqLJFJmJL;1A8TEYEPPXqHKn1srhsdx8xeopnc5GrsS2;;;
1EamFV5WpFteKTYGF7vpRRQBsjqLJFJmJL;1M58195UExUyRVksEwTB3G9KffunSs92jd;;;
19tbo33VwNtjASQWGLK4wVnTN91Kdhk5qJ;1A8TEYEPPXqHKn1srhsdx8xeopnc5GrsS2;;;
19tbo33VwNtjASQWGLK4wVnTN91Kdhk5qJ;1M58195UExUyRVksEwTB3G9KffunSs92jd;;;
1JPjMasJGMgdeJVmbC4fkHNRVpcr9YuU3V;1MZ2AuWxX9Goc9QscapcrpvA5i6tQupu2N;;;
1JPjMasJGMgdeJVmbC4fkHNRVpcr9YuU3V;18D4G4mByUWhQTYc53uGca1jGmEikaYZHe;;;
1FbjEXHY9x1yVTLkL9nAJ3fjyJSHcu2jaa;1MZ2AuWxX9Goc9QscapcrpvA5i6tQupu2N;;;
1FbjEXHY9x1yVTLkL9nAJ3fjyJSHcu2jaa;18D4G4mByUWhQTYc53uGca1jGmEikaYZHe;;;
1HKKugxGaLSyERwCM8Fk1gsjDP2V5iRShZ;1Dbkp7VimeB6k8ySgbaiZm8g7syd98PmeU;;;
1HKKugxGaLSyERwCM8Fk1gsjDP2V5iRShZ;17o5zDFGNvP5H2iWd7aWbhacwS1HKDE4i9;;;
17o5zDFGNvP5H2iWd7aWbhacwS1HKDE4i9;1Dbkp7VimeB6k8ySgbaiZm8g7syd98PmeU;;;
17o5zDFGNvP5H2iWd7aWbhacwS1HKDE4i9;17o5zDFGNvP5H2iWd7aWbhacwS1HKDE4i9;;;
17o5zDFGNvP5H2iWd7aWbhacwS1HKDE4i9;19ua1qhm1ZZVJERXioRqGcyXbLdvVzoVjK;;;
17o5zDFGNvP5H2iWd7aWbhacwS1HKDE4i9;17o5zDFGNvP5H2iWd7aWbhacwS1HKDE4i9;;;
1HP9JzVa27AgAtg2qLnEhdBDmH9nJq18oE;19ua1qhm1ZZVJERXioRqGcyXbLdvVzoVjK;;;
1HP9JzVa27AgAtg2qLnEhdBDmH9nJq18oE;17o5zDFGNvP5H2iWd7aWbhacwS1HKDE4i9;;;
15XiHDPtnu6YHFPsF1DzP3BhDVAH3RfYJY;1MiJsGE93SX5LnC7WdThfxMiUcKSUnSko;;;
15XiHDPtnu6YHFPsF1DzP3BhDVAH3RfYJY;17BymcHaGRbXGnEzR2m9woUYNf9FBPPJ2P;;;
1JPjNKABNErz1uDo6J23WmjFCDnLLPZBKi;1MiJsGE93SX5LnC7WdThfxMiUcKSUnSko;;;
1JPjNKABNErz1uDo6J23WmjFCDnLLPZBKi;17BymcHaGRbXGnEzR2m9woUYNf9FBPPJ2P;;;
1JfuGdvFy2KoVmexRVN5ZGnjZb21Dwww5c;127PDAGe8xqtXcD9Znw2gEUiq5uKH4ZMj9;;;
1JfuGdvFy2KoVmexRVN5ZGnjZb21Dwww5c;14wXrm49HxggbdQ6RGfWY8qghGEWhLA28K;;;
1H9yoJv4ZBHPdetazvERfCVnthSjP78cwF;127PDAGe8xqtXcD9Znw2gEUiq5uKH4ZMj9;;;
1H9yoJv4ZBHPdetazvERfCVnthSjP78cwF;14wXrm49HxggbdQ6RGfWY8qghGEWhLA28K;;;
18FzgdzBiRFsxXv514zL5eJbTVSwsnoYRa;1K5xCCJXbLSvPWxbNsUWjg4C7n3RuEUWF2;;;
18FzgdzBiRFsxXv514zL5eJbTVSwsnoYRa;1E5W7aeAAY6qxQVY9iM8drTrp3dgBeVSEF;;;
1FAMe2GiZxpsxuYYYQhb6UmaYftkPkszMw;1K5xCCJXbLSvPWxbNsUWjg4C7n3RuEUWF2;;;
1FAMe2GiZxpsxuYYYQhb6UmaYftkPkszMw;1E5W7aeAAY6qxQVY9iM8drTrp3dgBeVSEF;;;
1LBiyVSvbmv5JHTtQ6cjXpZu5y3fcv5SN4;1Po4J4SNyJuGnMGYJfGTXLEvGgAZKiddr7;;;
1LBiyVSvbmv5JHTtQ6cjXpZu5y3fcv5SN4;1P1mA3d43t3FQi7JbC9NxDaFX8ZSk95fNt;;;
1Jgs65fdy6Q2nxwhLJtZs4YvaQhF1bciVT;1Po4J4SNyJuGnMGYJfGTXLEvGgAZKiddr7;;;
1Jgs65fdy6Q2nxwhLJtZs4YvaQhF1bciVT;1P1mA3d43t3FQi7JbC9NxDaFX8ZSk95fNt;;;
14bXSWaEWTCG1zRvHGWzDVETQPw8fFhgR2;1DtAMhqe46GDcnt8bW3Y3BFWeEnoCx6TpS;;;
14bXSWaEWTCG1zRvHGWzDVETQPw8fFhgR2;1MPxhNkSzeTNTHSZAibMaS8HS1esmUL1ne;;;
1Lok6SzE9UbDqSMes2Ena1YfyYzsK3TTAX;1DtAMhqe46GDcnt8bW3Y3BFWeEnoCx6TpS;;;
1Lok6SzE9UbDqSMes2Ena1YfyYzsK3TTAX;1MPxhNkSzeTNTHSZAibMaS8HS1esmUL1ne;;;
1DtAMhqe46GDcnt8bW3Y3BFWeEnoCx6TpS;1C11wXFsTTQRBermYpYTJ9NfYA5LTbQngW;;;
1DtAMhqe46GDcnt8bW3Y3BFWeEnoCx6TpS;18D4G4mByUWhQTYc53uGca1jGmEikaYZHe;;;
184TKi1qZb3evxXUFb3UHBuodZFRFkgVME;1C11wXFsTTQRBermYpYTJ9NfYA5LTbQngW;;;
184TKi1qZb3evxXUFb3UHBuodZFRFkgVME;18D4G4mByUWhQTYc53uGca1jGmEikaYZHe;;;
1NHjuDfg8VsTUZ8rrSRGp1Ctji5s6ah73x;1MfxN5BrHJ1TLetQbs1Mr3SAccd8Zqtpyc;;;
1NHjuDfg8VsTUZ8rrSRGp1Ctji5s6ah73x;14rcn7nwVur5JBvV7aGkss9Px1ZXePuis2;;;
14B6XaqTvnKZrnaCUkuA9YPz1KALhhHN8Y;1MfxN5BrHJ1TLetQbs1Mr3SAccd8Zqtpyc;;;
14B6XaqTvnKZrnaCUkuA9YPz1KALhhHN8Y;14rcn7nwVur5JBvV7aGkss9Px1ZXePuis2;;;
13cNjCfhxCoeG6vNkMEbmsKrSg2xhU6sCE;1N29QHReSjkWaDFLXkntwFnghFYLJJdzNt;;;
13cNjCfhxCoeG6vNkMEbmsKrSg2xhU6sCE;1KGzm4ndaigFMkva7M6MuDLUfrLNKDF7LD;;;
16a746BtDrrMY2amECqoDt6cGveyQsrEAu;1N29QHReSjkWaDFLXkntwFnghFYLJJdzNt;;;
16a746BtDrrMY2amECqoDt6cGveyQsrEAu;1KGzm4ndaigFMkva7M6MuDLUfrLNKDF7LD;;;
1Q3DsjkB98cgZ2C84ZezRdpMkWDfonKS9;1EcirMx8aZubqxpHoQE6S1WVJMnYJa893d;;;
1Q3DsjkB98cgZ2C84ZezRdpMkWDfonKS9;1N4VfF8XMpUWppYLAXNTfWHTvXLgVTVwXk;;;
12251oKAJz2raRRGrpTTTra7Eii4qhfShs;1CusqGK8LucMSP9nmVybMteu2EwbuJsemK;;;
12251oKAJz2raRRGrpTTTra7Eii4qhfShs;1Jg6KkJ33L3ZMcUQz8DxfM5z7u2YY4sCKS;;;
1LXD6uawjECgAWHCdrjmwhSfaCATmZeDt1;1K8eEFjhEeh36iW7fMVZRY8Mpv1GPwkwSU;;;
1LXD6uawjECgAWHCdrjmwhSfaCATmZeDt1;1DVHotApo8jybqYh94EXYSKiXWvdKK2u4S;;;
1DYgPj9j8sfXGdjjRxWHQ9mYbK9E9idx6H;1K4E3s8TcfsfnP85ezZipA8zGFbEZTehjN;;;
1DYgPj9j8sfXGdjjRxWHQ9mYbK9E9idx6H;1LVjrnYoKUeeGr2SkBNZmbqkKCDhxJ39q9;;;
1Fpt5S4yArv3epsjhnaG7LrqZR9j2iZAyj;1HDPx1awYgGDo2VbKuntKwLJLiPFCLREH;;;
1Fpt5S4yArv3epsjhnaG7LrqZR9j2iZAyj;19muSdHyeWJt4Y7sNNY2kpjGKmoQafoVtE;;;
1P8xQVZteJ7P11tDy3pR7wbfXeuxGV7Txj;1HDPx1awYgGDo2VbKuntKwLJLiPFCLREH;;;
1P8xQVZteJ7P11tDy3pR7wbfXeuxGV7Txj;19muSdHyeWJt4Y7sNNY2kpjGKmoQafoVtE;;;
1JcbjJZUgF6PJGB4EDTo5cqXgSNgeYPWAA;17yDeDW8qmAYptR1Trpd8tGGkdCzo94RKN;;;
1JcbjJZUgF6PJGB4EDTo5cqXgSNgeYPWAA;1C1iVj1cX8Ahp2tysk46qhi3nydjzgSVaK;;;
16EaXead5xUxeeT1CmB3fPbuX6H4H9omTF;17Q9WXUQK3kBAPyah8b3M43HyhMVJYaxqn;;;
16EaXead5xUxeeT1CmB3fPbuX6H4H9omTF;1MfA15VAW1KjqTSpNN6Hjit6H1sdet5LsG;;;
37WSkANPVUQ8uuktf8hv671CejRtBtQ4tJ;39Dp7MnmMn4Au7emMPm6z6TJvVzJWeAinu;;;
37WSkANPVUQ8uuktf8hv671CejRtBtQ4tJ;1C44tmdXNU87VzBKZFLsUCka6ZdTvpkoA7;;;
37WSkANPVUQ8uuktf8hv671CejRtBtQ4tJ;1DB7oAfyYAGpxhkjRSLAtA83AMPaudNcMj;;;
37WSkANPVUQ8uuktf8hv671CejRtBtQ4tJ;1HCiNbQkoZBZvA8RF4Zmk83bjtKJ5Nbz3t;;;
37WSkANPVUQ8uuktf8hv671CejRtBtQ4tJ;12CbnfiK2nQKsamsFrNBBhcAruwRPuyV9B;;;
336Ka4riKSN4ZaNGNW7hBZ6Cu2NHxUEKoj;39Dp7MnmMn4Au7emMPm6z6TJvVzJWeAinu;;;
336Ka4riKSN4ZaNGNW7hBZ6Cu2NHxUEKoj;1C44tmdXNU87VzBKZFLsUCka6ZdTvpkoA7;;;
336Ka4riKSN4ZaNGNW7hBZ6Cu2NHxUEKoj;1DB7oAfyYAGpxhkjRSLAtA83AMPaudNcMj;;;
336Ka4riKSN4ZaNGNW7hBZ6Cu2NHxUEKoj;1HCiNbQkoZBZvA8RF4Zmk83bjtKJ5Nbz3t;;;
336Ka4riKSN4ZaNGNW7hBZ6Cu2NHxUEKoj;12CbnfiK2nQKsamsFrNBBhcAruwRPuyV9B;;;
1Lw5eh6gLWt6wphZEvwLWSrMMcD5szArJs;16bqxiZAjoc4PrDdnBGczZakEv7bb6ZRk6;;;
17T9v54n3oXrN8KuHcPJoeDDbdhkGkg558;1MNxR3abQ9u9LNgHBCQqMwgT6H4DVXFhHy;;;
17XfbrmGQSb4XXnWChFqXtdnpdUNZPuciG;16eCcaXfskvNBiQbtLayHKWVmtsLnYwL6w;;;
18CVF5CBBwbJ5H7cmvt21LTjKG98SNpeHF;121XFYaQD8ANPFjKwUzzYMC7n93VFGrT2m;;;
18CVF5CBBwbJ5H7cmvt21LTjKG98SNpeHF;1PawLcBia9BX3yJKWVx8Lfva8e4vU1s7Bv;;;
18CVF5CBBwbJ5H7cmvt21LTjKG98SNpeHF;1KMts8u3TndDntcTjMbc19LV6pvmduaHX1;;;
15vAJW8JXa7HQtgrgfnJ8ue54RCr2VhGYw;121XFYaQD8ANPFjKwUzzYMC7n93VFGrT2m;;;
15vAJW8JXa7HQtgrgfnJ8ue54RCr2VhGYw;1PawLcBia9BX3yJKWVx8Lfva8e4vU1s7Bv;;;
15vAJW8JXa7HQtgrgfnJ8ue54RCr2VhGYw;1KMts8u3TndDntcTjMbc19LV6pvmduaHX1;;;
144qxyDJGC3Pw6aEvb9ZdgySqejPGWPmyV;17MeEeTV7kL6XkgBSPnZWZxTCJkjmLyxk9;;;
144qxyDJGC3Pw6aEvb9ZdgySqejPGWPmyV;1EtUBJgxK4XwPA8HFoWFkVjq4CY2SxwLmk;;;
144qxyDJGC3Pw6aEvb9ZdgySqejPGWPmyV;1vbiFcPhYvFhSTutAcXaNERCFci6kzRUa;;;
1MCszwhnLkjpXobCvq6JUEx7YAhB2rXPmt;17MeEeTV7kL6XkgBSPnZWZxTCJkjmLyxk9;;;
1MCszwhnLkjpXobCvq6JUEx7YAhB2rXPmt;1EtUBJgxK4XwPA8HFoWFkVjq4CY2SxwLmk;;;
1MCszwhnLkjpXobCvq6JUEx7YAhB2rXPmt;1vbiFcPhYvFhSTutAcXaNERCFci6kzRUa;;;
16R5PqxhCZgD5kKEYnF2kSuYJeqk3ZT8pk;1ascSLX81FBESJAw3uL3wzrJfnyDcm4if;;;
16R5PqxhCZgD5kKEYnF2kSuYJeqk3ZT8pk;113B9dPAjS98tBbmpizvrEtbPXg28E1fFU;;;
16R5PqxhCZgD5kKEYnF2kSuYJeqk3ZT8pk;1KKKHPsbMBbvSykHthMNTb7gBvHJwW2Y7Y;;;
1CEEVhdtx3jXk2ar81obaRkSGYpbiQn9Ha;1ascSLX81FBESJAw3uL3wzrJfnyDcm4if;;;
1CEEVhdtx3jXk2ar81obaRkSGYpbiQn9Ha;113B9dPAjS98tBbmpizvrEtbPXg28E1fFU;;;
1CEEVhdtx3jXk2ar81obaRkSGYpbiQn9Ha;1KKKHPsbMBbvSykHthMNTb7gBvHJwW2Y7Y;;;
1MGb2MKY33i69bkhSa2rMDZVAm3jfSA7bQ;1P6MhLtZQnkAAWz7FR97gLMn1AqL7H6y2h;;;
1MGb2MKY33i69bkhSa2rMDZVAm3jfSA7bQ;12xvBfAgf6dGJrs38u9y7YHmdC5JaR77Kq;;;
1KKKHPsbMBbvSykHthMNTb7gBvHJwW2Y7Y;1P6MhLtZQnkAAWz7FR97gLMn1AqL7H6y2h;;;
1KKKHPsbMBbvSykHthMNTb7gBvHJwW2Y7Y;12xvBfAgf6dGJrs38u9y7YHmdC5JaR77Kq;;;
1J7TUi8gdsx9iFxReFSethmN2idiNsjsDg;133xbpoBNuT7KFhofELcdNKgv7AxUrdSrp;;;
1J7TUi8gdsx9iFxReFSethmN2idiNsjsDg;16kRhi6aJHgTmuoX5x2YSNuCcJKkaDjH86;;;
12ZPXgp2rhJ3Ng9EDHFWAA2b34A9L1cC8F;133xbpoBNuT7KFhofELcdNKgv7AxUrdSrp;;;
12ZPXgp2rhJ3Ng9EDHFWAA2b34A9L1cC8F;16kRhi6aJHgTmuoX5x2YSNuCcJKkaDjH86;;;
1CEQ2V6hyvgDfoXjKi9xi6owwxRttrvoSy;1wpGXaNYvqte5PC4oQzk6LfXGYCCKfMgi;;;
1CEQ2V6hyvgDfoXjKi9xi6owwxRttrvoSy;1DzZPGdwjMbM2fybhCsXn9kqwkrhchHHbB;;;
1CEQ2V6hyvgDfoXjKi9xi6owwxRttrvoSy;1HJe36jFj5J8b12Un61j29Dfb8pfboT6xf;;;
13gxNaQEKd5Du8TxfMFSVQiVWcwP2GVYNp;1wpGXaNYvqte5PC4oQzk6LfXGYCCKfMgi;;;
13gxNaQEKd5Du8TxfMFSVQiVWcwP2GVYNp;1DzZPGdwjMbM2fybhCsXn9kqwkrhchHHbB;;;
13gxNaQEKd5Du8TxfMFSVQiVWcwP2GVYNp;1HJe36jFj5J8b12Un61j29Dfb8pfboT6xf;;;
1LaHLLA2wpksUcvREQedZYuhDyB5eHKqkX;1MfxN5BrHJ1TLetQbs1Mr3SAccd8Zqtpyc;;;
1LaHLLA2wpksUcvREQedZYuhDyB5eHKqkX;1J4qPycYxdD7gqynwU6rWHHQyDUPhF45SL;;;
1DzZPGdwjMbM2fybhCsXn9kqwkrhchHHbB;1MfxN5BrHJ1TLetQbs1Mr3SAccd8Zqtpyc;;;
1DzZPGdwjMbM2fybhCsXn9kqwkrhchHHbB;1J4qPycYxdD7gqynwU6rWHHQyDUPhF45SL;;;
1AL1PYLPMrC3B5Zkkw27LSpgMMS2sHHPRa;1Pyg1puMWoW8NYyN6fbR5xF2qixpuwWmyF;;;
1AL1PYLPMrC3B5Zkkw27LSpgMMS2sHHPRa;1MapxrycQ1yqV2Gkj8C4Ha8thhnR4uhPKe;;;
1AL1PYLPMrC3B5Zkkw27LSpgMMS2sHHPRa;1uxHHoW3BWAwDSDiyuwx9cpL6PueybWtx;;;
1996wXMhdwB8cRZQuBLCxNkeE91L3FA7zo;1Pyg1puMWoW8NYyN6fbR5xF2qixpuwWmyF;;;
1996wXMhdwB8cRZQuBLCxNkeE91L3FA7zo;1MapxrycQ1yqV2Gkj8C4Ha8thhnR4uhPKe;;;
1996wXMhdwB8cRZQuBLCxNkeE91L3FA7zo;1uxHHoW3BWAwDSDiyuwx9cpL6PueybWtx;;;
1MapxrycQ1yqV2Gkj8C4Ha8thhnR4uhPKe;1MfxN5BrHJ1TLetQbs1Mr3SAccd8Zqtpyc;;;
1MapxrycQ1yqV2Gkj8C4Ha8thhnR4uhPKe;1Hyz1NVm6xoWYC2mHQbA34K8B3bknwPWW6;;;
1JZyxMKVhbQwYVqt52Wuf8DzbYCVsr78JP;1MfxN5BrHJ1TLetQbs1Mr3SAccd8Zqtpyc;;;
1JZyxMKVhbQwYVqt52Wuf8DzbYCVsr78JP;1Hyz1NVm6xoWYC2mHQbA34K8B3bknwPWW6;;;
17sEYuqNwYCjuvsNkVsFNuXfSmwikM5zp8;13LXBQJarCSgD5GDowYqTzNgAHWPevhDw6;;;
17sEYuqNwYCjuvsNkVsFNuXfSmwikM5zp8;1xCwzWR4d8bywXg6WCx9AzbSdqYpisuJ5;;;
17sEYuqNwYCjuvsNkVsFNuXfSmwikM5zp8;1KTUCLcY59ayRo23TbqR5mrGg66EDPtp4D;;;
12fX6aVSRSkt9LxBLSXpivFKszqyUnymAW;13LXBQJarCSgD5GDowYqTzNgAHWPevhDw6;;;
12fX6aVSRSkt9LxBLSXpivFKszqyUnymAW;1xCwzWR4d8bywXg6WCx9AzbSdqYpisuJ5;;;
12fX6aVSRSkt9LxBLSXpivFKszqyUnymAW;1KTUCLcY59ayRo23TbqR5mrGg66EDPtp4D;;;
1HgS8FRmWbQsZi6TXRSF5yVvcCEpuEpjQR;1KhqAVR7G8Qr9jB8soZGYesNUrpeSySUcF;;;
1HgS8FRmWbQsZi6TXRSF5yVvcCEpuEpjQR;19Sc7Lc4eUXoZvq6mptd45D14UHx3wA7xz;;;
1KTUCLcY59ayRo23TbqR5mrGg66EDPtp4D;1KhqAVR7G8Qr9jB8soZGYesNUrpeSySUcF;;;
1KTUCLcY59ayRo23TbqR5mrGg66EDPtp4D;19Sc7Lc4eUXoZvq6mptd45D14UHx3wA7xz;;;
1ME2zaxRKfUJGktFDqiKaz6fGprmS2hRFL;1BBwU4yjuPQk2WEJSDQB8rXhDYo5KBfbeb;;;
1ME2zaxRKfUJGktFDqiKaz6fGprmS2hRFL;1F9HM9JGfPdBY9LxgoAXddkzjrUFfQTUYb;;;
1ME2zaxRKfUJGktFDqiKaz6fGprmS2hRFL;14WBy8VvnW8Ro8XWPqVuJSngwEpGL6vQ7u;;;
1Nkqai3BxJWHLsBqmxYEmhvu8ZsHcRNRVV;1BBwU4yjuPQk2WEJSDQB8rXhDYo5KBfbeb;;;
1Nkqai3BxJWHLsBqmxYEmhvu8ZsHcRNRVV;1F9HM9JGfPdBY9LxgoAXddkzjrUFfQTUYb;;;
1Nkqai3BxJWHLsBqmxYEmhvu8ZsHcRNRVV;14WBy8VvnW8Ro8XWPqVuJSngwEpGL6vQ7u;;;
14QiFrn5aeySumzHnYeybDaYHjFCc6q4Vw;16qHzi8dsD4vWgq9t87Mvp9WMkaXVp7ABi;;;
14QiFrn5aeySumzHnYeybDaYHjFCc6q4Vw;17oWtj1hQdiFh8YRsPi5Mn1RPgRjcJh6Af;;;
14QiFrn5aeySumzHnYeybDaYHjFCc6q4Vw;1MH4LETFGToBTDocHvqZijBfPcivGwfoHB;;;
17sfS5qV27fhxMhTGoLYVWtGM22F3JmfiF;16qHzi8dsD4vWgq9t87Mvp9WMkaXVp7ABi;;;
17sfS5qV27fhxMhTGoLYVWtGM22F3JmfiF;17oWtj1hQdiFh8YRsPi5Mn1RPgRjcJh6Af;;;
17sfS5qV27fhxMhTGoLYVWtGM22F3JmfiF;1MH4LETFGToBTDocHvqZijBfPcivGwfoHB;;;
1FQVAgCNyLsDDKvRWsmjh8M9AMCq456GQo;1MfxN5BrHJ1TLetQbs1Mr3SAccd8Zqtpyc;;;
1FQVAgCNyLsDDKvRWsmjh8M9AMCq456GQo;1LPRyBUX4DHE45sCgFxL6zCtNPhiy46z1p;;;
1MH4LETFGToBTDocHvqZijBfPcivGwfoHB;1MfxN5BrHJ1TLetQbs1Mr3SAccd8Zqtpyc;;;
1MH4LETFGToBTDocHvqZijBfPcivGwfoHB;1LPRyBUX4DHE45sCgFxL6zCtNPhiy46z1p;;;
1JML1DHWsbfvF6KgjFvv79fGFeT6vNUsFh;1Ppm6Zj76xpzuQweCpUMG5hSYputiYLmnk;;;
1JML1DHWsbfvF6KgjFvv79fGFeT6vNUsFh;1CTzzfXVUV3hnGmCjCuv7gfMrQ8UF7v1Bf;;;
1JML1DHWsbfvF6KgjFvv79fGFeT6vNUsFh;19d9YdZwJ8yhZ61sxE1pMhSDquoF94Xq4U;;;
1AYQuJBejRN25MSJDAzWuEL6uQmbeRroQE;1Ppm6Zj76xpzuQweCpUMG5hSYputiYLmnk;;;
1AYQuJBejRN25MSJDAzWuEL6uQmbeRroQE;1CTzzfXVUV3hnGmCjCuv7gfMrQ8UF7v1Bf;;;
1AYQuJBejRN25MSJDAzWuEL6uQmbeRroQE;19d9YdZwJ8yhZ61sxE1pMhSDquoF94Xq4U;;;
1MC1RzKMDtMcj5EzSatVu3j19FAsdKckGe;16Kmzakjr3HR3yPngLE6oSeCcKjVzPGPUc;;;
1MC1RzKMDtMcj5EzSatVu3j19FAsdKckGe;15qeYXZEk8dwgJUJn8r14MEXcHbNtJP4h9;;;
19d9YdZwJ8yhZ61sxE1pMhSDquoF94Xq4U;16Kmzakjr3HR3yPngLE6oSeCcKjVzPGPUc;;;
19d9YdZwJ8yhZ61sxE1pMhSDquoF94Xq4U;15qeYXZEk8dwgJUJn8r14MEXcHbNtJP4h9;;;
13i95yB7iNKR21wGeN6Fh2Kvc3uKRyvWNR;1CMVHBT9sdwA9yBuhxmk1qVZSacwPeuCn2;;;
13i95yB7iNKR21wGeN6Fh2Kvc3uKRyvWNR;18msZJWTnvzovcdrbAs72F5xGgTqUF6dap;;;
13i95yB7iNKR21wGeN6Fh2Kvc3uKRyvWNR;1G2Aq7JNV8uAEdWTRM1ZCW1yqXGkdjUmb6;;;
1FFkeBiV5z214McsjeDbNGvh3GHdRBN2Rg;1CMVHBT9sdwA9yBuhxmk1qVZSacwPeuCn2;;;
1FFkeBiV5z214McsjeDbNGvh3GHdRBN2Rg;18msZJWTnvzovcdrbAs72F5xGgTqUF6dap;;;
1FFkeBiV5z214McsjeDbNGvh3GHdRBN2Rg;1G2Aq7JNV8uAEdWTRM1ZCW1yqXGkdjUmb6;;;
1KtpPdcbALRC51SuW6HcFnpxArWEtBCjyL;16R8dNemSdsGsM9VTnkreG5WVkjP2AJ5S4;;;
1KtpPdcbALRC51SuW6HcFnpxArWEtBCjyL;12modhd6wc8JGaB9ohoNE9GxAfs4g24sMk;;;
1KtpPdcbALRC51SuW6HcFnpxArWEtBCjyL;19TkyJ17yGHuYS8aznGkUg3wBXE2Af5ZND;;;
17ST8n7o89MQ29CMHUvie3npXuSzbghz6N;16R8dNemSdsGsM9VTnkreG5WVkjP2AJ5S4;;;
17ST8n7o89MQ29CMHUvie3npXuSzbghz6N;12modhd6wc8JGaB9ohoNE9GxAfs4g24sMk;;;
17ST8n7o89MQ29CMHUvie3npXuSzbghz6N;19TkyJ17yGHuYS8aznGkUg3wBXE2Af5ZND;;;
1DXHEimswfsPgyxWSUcWFAV3m1UEaKCVux;1HjHrBqnYCTwQ8aBAFjQh3cFoN5vz9xTKC;;;
1DXHEimswfsPgyxWSUcWFAV3m1UEaKCVux;137f1TdNq1vmsGrndiu1HPsZFyx77tRhei;;;
19TkyJ17yGHuYS8aznGkUg3wBXE2Af5ZND;1HjHrBqnYCTwQ8aBAFjQh3cFoN5vz9xTKC;;;
19TkyJ17yGHuYS8aznGkUg3wBXE2Af5ZND;137f1TdNq1vmsGrndiu1HPsZFyx77tRhei;;;
1CZMbEkindyQLaZBxwpwe5LFqrxWPHkYZN;17dqdqGzKRRWVMMtFcaSmVkbMVsY7y1dQV;;;
1CZMbEkindyQLaZBxwpwe5LFqrxWPHkYZN;1A4pH3nXCwiHVzAx44qDknVYXwq5iisY27;;;
1CZMbEkindyQLaZBxwpwe5LFqrxWPHkYZN;18cfqVSxWreDkDMdDmsZ8f2JJnwngoWvN7;;;
1Bx7N6pWt4ycaRk5UbUWjfTpZPjuSDyc38;17dqdqGzKRRWVMMtFcaSmVkbMVsY7y1dQV;;;
1Bx7N6pWt4ycaRk5UbUWjfTpZPjuSDyc38;1A4pH3nXCwiHVzAx44qDknVYXwq5iisY27;;;
1Bx7N6pWt4ycaRk5UbUWjfTpZPjuSDyc38;18cfqVSxWreDkDMdDmsZ8f2JJnwngoWvN7;;;
1NFhJSortg6HYsa4gR3QHoX9a67MnqSzQv;1CLUuEy5dhZNwViRG9emvtQ96ioUwZMNyT;;;
1NFhJSortg6HYsa4gR3QHoX9a67MnqSzQv;1oTDXsRsmfyTn4L6yo8YW6gx2NcLGaheh;;;
1NFhJSortg6HYsa4gR3QHoX9a67MnqSzQv;1EKgydtPJHGsXky6jRMZ9QGRD5amFJ1ewv;;;
17dqdqGzKRRWVMMtFcaSmVkbMVsY7y1dQV;1CLUuEy5dhZNwViRG9emvtQ96ioUwZMNyT;;;
17dqdqGzKRRWVMMtFcaSmVkbMVsY7y1dQV;1oTDXsRsmfyTn4L6yo8YW6gx2NcLGaheh;;;
17dqdqGzKRRWVMMtFcaSmVkbMVsY7y1dQV;1EKgydtPJHGsXky6jRMZ9QGRD5amFJ1ewv;;;
1C7Dq6Sh9GRUY2EX9rNaLEau2zkSxsDbiv;1UMgF3VCyzRSuScjymMXHHapUxJrq5zAk;;;
1C7Dq6Sh9GRUY2EX9rNaLEau2zkSxsDbiv;1QBL5iaeBxTGKoD7bRJzDB5cvKXAGDeogu;;;
1C7Dq6Sh9GRUY2EX9rNaLEau2zkSxsDbiv;1Abhd1PPCzxszJ8TSf9wnuvsiE9NAGogwB;;;
1M2y1pBmeQNdFop5DfTToTiFAFqDaesx43;1UMgF3VCyzRSuScjymMXHHapUxJrq5zAk;;;
1M2y1pBmeQNdFop5DfTToTiFAFqDaesx43;1QBL5iaeBxTGKoD7bRJzDB5cvKXAGDeogu;;;
1M2y1pBmeQNdFop5DfTToTiFAFqDaesx43;1Abhd1PPCzxszJ8TSf9wnuvsiE9NAGogwB;;;
1JZ2BqEmeo2MUHkHdQiWD2cREGGq3DnYtL;1LVjLfXnSiJ7abiHH57j49YA8e7yq941A5;;;
1JZ2BqEmeo2MUHkHdQiWD2cREGGq3DnYtL;1G5XsCNobDBcXboydjVfL1hCcTxuGK4VTJ;;;
1JZ2BqEmeo2MUHkHdQiWD2cREGGq3DnYtL;1N9jwEEwVXW3dTPuUPy6cghNgnT1z7Nai;;;
1GbwGLDin5jDwXhRccYhkKisdFuJQG2EiV;1LVjLfXnSiJ7abiHH57j49YA8e7yq941A5;;;
1GbwGLDin5jDwXhRccYhkKisdFuJQG2EiV;1G5XsCNobDBcXboydjVfL1hCcTxuGK4VTJ;;;
1GbwGLDin5jDwXhRccYhkKisdFuJQG2EiV;1N9jwEEwVXW3dTPuUPy6cghNgnT1z7Nai;;;
1Q1iC8UyZdRcxojtkL38e5wBQF3k4jTRDB;1CSp8Hh22Sj6gE1ppvwfdWk2jMtSB3v57b;;;
1Q1iC8UyZdRcxojtkL38e5wBQF3k4jTRDB;1LFzNjEfUAWXJfB7nukY8xMFKfgA6zhLLK;;;
1N9jwEEwVXW3dTPuUPy6cghNgnT1z7Nai;1CSp8Hh22Sj6gE1ppvwfdWk2jMtSB3v57b;;;
1N9jwEEwVXW3dTPuUPy6cghNgnT1z7Nai;1LFzNjEfUAWXJfB7nukY8xMFKfgA6zhLLK;;;
13iVoDz3fLDrcxZsCfeZiroQUy71Gchp35;1DHiVD46dtsH83eKu9YKJwJ4sSoFHh1b5a;;;
13iVoDz3fLDrcxZsCfeZiroQUy71Gchp35;1EqEjjU7gmXpRuC3tvQ3Z9GTV7MaSyvCHx;;;
13iVoDz3fLDrcxZsCfeZiroQUy71Gchp35;1F5hvKJPoKnBLz8JRWAUUc2RmbwxzgJzLk;;;
13iVoDz3fLDrcxZsCfeZiroQUy71Gchp35;13CuEyjcRt5dUPVcrqt21ArMqiZ96ayTU1;;;
13iVoDz3fLDrcxZsCfeZiroQUy71Gchp35;126vcHGRDscGoXcFFAYwLWwYJXQBrTWMWW;;;
13iVoDz3fLDrcxZsCfeZiroQUy71Gchp35;1EPXJL3rN9iafUW3EPcjYHg9jrR5Qgmqgo;;;
13iVoDz3fLDrcxZsCfeZiroQUy71Gchp35;1CyYEis8hjNhes36bRru8HsAf8UWTqfehr;;;
13iVoDz3fLDrcxZsCfeZiroQUy71Gchp35;113xXfCS8YbpReFGTwta2Zt6CVY2xoJcBd;;;
13iVoDz3fLDrcxZsCfeZiroQUy71Gchp35;129unr8cCAnfcP5nm9pN6rrGUypsRU9Ztf;;;
13iVoDz3fLDrcxZsCfeZiroQUy71Gchp35;128oRnMioRDVRUKce1j1yHiug5taoh29aB;;;
13iVoDz3fLDrcxZsCfeZiroQUy71Gchp35;3Af8HSrwD5f6n9SeqB6VLYvqpUrRh4QAgA;;;
13iVoDz3fLDrcxZsCfeZiroQUy71Gchp35;15fZ3MrLQUAu95cbGTcGWeNJDmn7FQZAVQ;;;
13iVoDz3fLDrcxZsCfeZiroQUy71Gchp35;1JY4BUngGeNbiSsvEsisJRsesEdEyP4Q1H;;;
13iVoDz3fLDrcxZsCfeZiroQUy71Gchp35;15taTLavYpgd7xdLFa7iDKGd2dhq6XnLzg;;;
1P6T1h71wAZPFn3pHPZ8P3UZYsHZG1sb1S;1NSyzF3FfTAq4Ezy6w4ovsribvD8qaJqRw;;;
1P6T1h71wAZPFn3pHPZ8P3UZYsHZG1sb1S;1AB9iLJdDE5NpY89btc181MAEc8REgWG3H;;;
1QHuds3TYFtqxvdNybFcLrtAQUzMUUz5Mk;1ER3KQG5x1tiiD5Je629u7THr9j71BZhmU;;;
1QHuds3TYFtqxvdNybFcLrtAQUzMUUz5Mk;17xNhaEpHgkZhtWLCXvhRbyTMQ54XVBgac;;;
1P6M78JEVwSiB99nqwXTys37FFTkQW2MVR;12CUZ7wTkMx549jA7WGu5Wp2pEzPZk6h8B;;;
1P6M78JEVwSiB99nqwXTys37FFTkQW2MVR;15a46aFH6ox86JA4CtdfhArmGHBdfnLybC;;;
13aAcCuAGZ1y9HyAfZHQUEuf1pwCjHDHSc;1efnJneUqRWUNrtZc5F8mzS1UYneWP5vg;;;
13aAcCuAGZ1y9HyAfZHQUEuf1pwCjHDHSc;18vWuiCumHrjWwEKgREDHuVcsczs5mu38W;;;
1FXWJcwVtn6S34juk7UTN1tkQdGQexCceE;1C9bef921pmASGPYDRZDCTfX6jhhVkebz8;;;
1FXWJcwVtn6S34juk7UTN1tkQdGQexCceE;14D77KaoryoBzWdingTRoGWDHAkq4PdgMQ;;;
163VaiPq3yjxQvoy9gDfjFFuSNR7hBNeW3;1GM3Xysqp4EKqGKci7kgKxCVC8MkogQkG4;;;
163VaiPq3yjxQvoy9gDfjFFuSNR7hBNeW3;173KbSaucrdjYfvKV5vycHGaNAy3951H9n;;;
3JmdHRuTDuFTqxk7bFazY6GooNgwohZQwa;39Dp7MnmMn4Au7emMPm6z6TJvVzJWeAinu;;;
3JmdHRuTDuFTqxk7bFazY6GooNgwohZQwa;17QNq6PUdyMpvKdgZpoiFTy2LDkXbx7Xww;;;
3NuGTcQVx9m2D6Wcd3gDSw81cXsojXFF52;39Dp7MnmMn4Au7emMPm6z6TJvVzJWeAinu;;;
3NuGTcQVx9m2D6Wcd3gDSw81cXsojXFF52;17QNq6PUdyMpvKdgZpoiFTy2LDkXbx7Xww;;;
3Pei4hHgGpXQAJFremyy3yNREcLzvBvh4E;39Dp7MnmMn4Au7emMPm6z6TJvVzJWeAinu;;;
3Pei4hHgGpXQAJFremyy3yNREcLzvBvh4E;17QNq6PUdyMpvKdgZpoiFTy2LDkXbx7Xww;;;
18Chx5sEnPoWzYUpLJc5S2QY8uRcmB4cMP;19oxJMymAu2PasHhDtqtmzh8BDjfEUzH4Q;;;
18Chx5sEnPoWzYUpLJc5S2QY8uRcmB4cMP;1MGFE8jz21bQQ6D536y97u348PYCPJtPwN;;;
18oEbhuR6XpPPR5KtvoGPpLdmjwgzcA6Yt;19oxJMymAu2PasHhDtqtmzh8BDjfEUzH4Q;;;
18oEbhuR6XpPPR5KtvoGPpLdmjwgzcA6Yt;1MGFE8jz21bQQ6D536y97u348PYCPJtPwN;;;
15PaPL8LZhFBLLpjJDwgZLSo43jULWsrme;19oxJMymAu2PasHhDtqtmzh8BDjfEUzH4Q;;;
15PaPL8LZhFBLLpjJDwgZLSo43jULWsrme;1MGFE8jz21bQQ6D536y97u348PYCPJtPwN;;;
1FJboyRfzvrxaPMYjzyJiA6jLXns1eZRFs;19oxJMymAu2PasHhDtqtmzh8BDjfEUzH4Q;;;
1FJboyRfzvrxaPMYjzyJiA6jLXns1eZRFs;1MGFE8jz21bQQ6D536y97u348PYCPJtPwN;;;
18cykGzjC9R4KbrUVAK3YxYVzUqLYPGayK;19oxJMymAu2PasHhDtqtmzh8BDjfEUzH4Q;;;
18cykGzjC9R4KbrUVAK3YxYVzUqLYPGayK;1MGFE8jz21bQQ6D536y97u348PYCPJtPwN;;;
1K2yw5gTFw5ZhHhzvoS7KBRjEMLwz528J1;19oxJMymAu2PasHhDtqtmzh8BDjfEUzH4Q;;;
1K2yw5gTFw5ZhHhzvoS7KBRjEMLwz528J1;1MGFE8jz21bQQ6D536y97u348PYCPJtPwN;;;
1jRXnh6KNZTd6zmoGThNuJHrGLzRhJNf6;19oxJMymAu2PasHhDtqtmzh8BDjfEUzH4Q;;;
1jRXnh6KNZTd6zmoGThNuJHrGLzRhJNf6;1MGFE8jz21bQQ6D536y97u348PYCPJtPwN;;;
1NTqyeeX1bZhr6N73DdtMvJeuXw89kHiuu;19oxJMymAu2PasHhDtqtmzh8BDjfEUzH4Q;;;
1NTqyeeX1bZhr6N73DdtMvJeuXw89kHiuu;1MGFE8jz21bQQ6D536y97u348PYCPJtPwN;;;
12CQdgJb7hAWhVDPGKqurQ5V8m57zihHej;19oxJMymAu2PasHhDtqtmzh8BDjfEUzH4Q;;;
12CQdgJb7hAWhVDPGKqurQ5V8m57zihHej;1MGFE8jz21bQQ6D536y97u348PYCPJtPwN;;;
1EtNZ9813sEnddXZv6RgCVobfXrY4DEsMU;19oxJMymAu2PasHhDtqtmzh8BDjfEUzH4Q;;;
1EtNZ9813sEnddXZv6RgCVobfXrY4DEsMU;1MGFE8jz21bQQ6D536y97u348PYCPJtPwN;;;
1B3CnaxnWuC2RV3hgTbfddKb2T3BctBJwQ;19oxJMymAu2PasHhDtqtmzh8BDjfEUzH4Q;;;
1B3CnaxnWuC2RV3hgTbfddKb2T3BctBJwQ;1MGFE8jz21bQQ6D536y97u348PYCPJtPwN;;;
1FLXB37oj19PfH5KTejk5LXhxjSjeG7aaU;19oxJMymAu2PasHhDtqtmzh8BDjfEUzH4Q;;;
1FLXB37oj19PfH5KTejk5LXhxjSjeG7aaU;1MGFE8jz21bQQ6D536y97u348PYCPJtPwN;;;
1ArNnsGWd2rS17E4UgEx12drjr8hpSoi4M;19oxJMymAu2PasHhDtqtmzh8BDjfEUzH4Q;;;
1ArNnsGWd2rS17E4UgEx12drjr8hpSoi4M;1MGFE8jz21bQQ6D536y97u348PYCPJtPwN;;;
1PLa9mhJYKVM8CCxHQzhUiULLaKuYx85dJ;19oxJMymAu2PasHhDtqtmzh8BDjfEUzH4Q;;;
1PLa9mhJYKVM8CCxHQzhUiULLaKuYx85dJ;1MGFE8jz21bQQ6D536y97u348PYCPJtPwN;;;
1BM6uSh9sZaKkNN4GVADSg6nQWSLNjpFRr;19oxJMymAu2PasHhDtqtmzh8BDjfEUzH4Q;;;
1BM6uSh9sZaKkNN4GVADSg6nQWSLNjpFRr;1MGFE8jz21bQQ6D536y97u348PYCPJtPwN;;;
1HBpV8ybjZPcSZAZsNEgihW1fXZQNFKzN3;19oxJMymAu2PasHhDtqtmzh8BDjfEUzH4Q;;;
1HBpV8ybjZPcSZAZsNEgihW1fXZQNFKzN3;1MGFE8jz21bQQ6D536y97u348PYCPJtPwN;;;
12mVv9dNiveEKxGToaHZMZW79kSNJ3kBF8;19oxJMymAu2PasHhDtqtmzh8BDjfEUzH4Q;;;
12mVv9dNiveEKxGToaHZMZW79kSNJ3kBF8;1MGFE8jz21bQQ6D536y97u348PYCPJtPwN;;;
196mLXWqLtn63EEVqW5r3PidzbCMKjC625;19oxJMymAu2PasHhDtqtmzh8BDjfEUzH4Q;;;
196mLXWqLtn63EEVqW5r3PidzbCMKjC625;1MGFE8jz21bQQ6D536y97u348PYCPJtPwN;;;
1s72H2KByZUSWCvZQVFZF9vaCACJQvH2b;19oxJMymAu2PasHhDtqtmzh8BDjfEUzH4Q;;;
1s72H2KByZUSWCvZQVFZF9vaCACJQvH2b;1MGFE8jz21bQQ6D536y97u348PYCPJtPwN;;;
1LsUziHX6A235Cc8tjdJe5DutPjWcfsLF8;19oxJMymAu2PasHhDtqtmzh8BDjfEUzH4Q;;;
1LsUziHX6A235Cc8tjdJe5DutPjWcfsLF8;1MGFE8jz21bQQ6D536y97u348PYCPJtPwN;;;
1BJZyz2Rf9CKar2SrnJjMLx6VSYfhUq2H3;19oxJMymAu2PasHhDtqtmzh8BDjfEUzH4Q;;;
1BJZyz2Rf9CKar2SrnJjMLx6VSYfhUq2H3;1MGFE8jz21bQQ6D536y97u348PYCPJtPwN;;;
1GhHH5YALVTDSVTcbb1Dd2WRATevZhsiCB;19oxJMymAu2PasHhDtqtmzh8BDjfEUzH4Q;;;
1GhHH5YALVTDSVTcbb1Dd2WRATevZhsiCB;1MGFE8jz21bQQ6D536y97u348PYCPJtPwN;;;
32rtYF8jL4RAfm1sCW8LDj2TcfKGvdVQW6;1QHFwZuWgzPcb3HCqoJ1WohiJat15t6i7x;;;
32rtYF8jL4RAfm1sCW8LDj2TcfKGvdVQW6;3Pei4hHgGpXQAJFremyy3yNREcLzvBvh4E;;;
32rtYF8jL4RAfm1sCW8LDj2TcfKGvdVQW6;1NwvEm99zULfnphPjWTou7PBfs8dwtocCd;;;
37PMVmY2NzTK3zVQLwVXsyfV4QPEJWYejG;1QHFwZuWgzPcb3HCqoJ1WohiJat15t6i7x;;;
37PMVmY2NzTK3zVQLwVXsyfV4QPEJWYejG;3Pei4hHgGpXQAJFremyy3yNREcLzvBvh4E;;;
37PMVmY2NzTK3zVQLwVXsyfV4QPEJWYejG;1NwvEm99zULfnphPjWTou7PBfs8dwtocCd;;;
33AibmPKKKDRfSZsqgugzGY5MQnrVYpfQr;1QHFwZuWgzPcb3HCqoJ1WohiJat15t6i7x;;;
33AibmPKKKDRfSZsqgugzGY5MQnrVYpfQr;3Pei4hHgGpXQAJFremyy3yNREcLzvBvh4E;;;
33AibmPKKKDRfSZsqgugzGY5MQnrVYpfQr;1NwvEm99zULfnphPjWTou7PBfs8dwtocCd;;;
19rZn8wEBBo5rs3hupPWTLvefmnsQBVWgy;1ShBLVGGhvKceNsDHwPnRX8psqcj51iMV;;;
19rZn8wEBBo5rs3hupPWTLvefmnsQBVWgy;1HWbty3Su5tFBXY2cGizkg413QGMr5H7fp;;;
19rZn8wEBBo5rs3hupPWTLvefmnsQBVWgy;3AQcnsWbZnDkasLAN5CBVsufVZtcmD8LxE;;;
19rZn8wEBBo5rs3hupPWTLvefmnsQBVWgy;15wN1jXrDADZtCTeQuxUi55bJn2Ga9m7GJ;;;
19rZn8wEBBo5rs3hupPWTLvefmnsQBVWgy;12DqF8x4Rvh93qhxPzqnCt7oxEodSFoo8r;;;
19rZn8wEBBo5rs3hupPWTLvefmnsQBVWgy;1G8HUXGK8cCsHTSZtuMVmsd236XqHf6JPP;;;
19rZn8wEBBo5rs3hupPWTLvefmnsQBVWgy;361Pgsh7s4VqC3dxn2Sv2oenb6pTeMq9uZ;;;
19rZn8wEBBo5rs3hupPWTLvefmnsQBVWgy;35sSfvUXg7EK5tsbjsTQCfnEpTVx8eWrFe;;;
19rZn8wEBBo5rs3hupPWTLvefmnsQBVWgy;1NG2FU6Vuxd1W1v9tUCvJigCH8GU8TGAzd;;;
19rZn8wEBBo5rs3hupPWTLvefmnsQBVWgy;3QHjpQF6dCJLTHMENHPj6q6u2BiMh2SZCd;;;
19rZn8wEBBo5rs3hupPWTLvefmnsQBVWgy;13Xg6NEwoj5yxFyTzHvxPZNNBeTppd4mRw;;;
19rZn8wEBBo5rs3hupPWTLvefmnsQBVWgy;3MDFMSbA8qa2q6BjYqKEXfw3QpzpmtGnCT;;;
19rZn8wEBBo5rs3hupPWTLvefmnsQBVWgy;1HFurVW6y2qkPT7T5aNyQd1HZVPb3VsLnJ;;;
19rZn8wEBBo5rs3hupPWTLvefmnsQBVWgy;1AHZiydGDvPKYzR1hnJ4STBWRc3LpfnBLs;;;
19rZn8wEBBo5rs3hupPWTLvefmnsQBVWgy;1DZ29xEJon1WaL6RrU5XnbGR5coVys1oJ2;;;
19rZn8wEBBo5rs3hupPWTLvefmnsQBVWgy;1MSXoPExSdviQU3GggubZx1oEJc2ju98z4;;;
19rZn8wEBBo5rs3hupPWTLvefmnsQBVWgy;15wZWX562vZjxtbodkzdyZnLxyQ6gWho5D;;;
19rZn8wEBBo5rs3hupPWTLvefmnsQBVWgy;19LWLNcx3Eh43hEEtbZvWQqNJg6PR9yisU;;;
19rZn8wEBBo5rs3hupPWTLvefmnsQBVWgy;1FHMVq2i5DTAn4qWK67NQuffE4timfd3UK;;;
19rZn8wEBBo5rs3hupPWTLvefmnsQBVWgy;1Gkfk8jRr4qwPJPsWfsBfqo6tnJze7bK96;;;
19rZn8wEBBo5rs3hupPWTLvefmnsQBVWgy;18wpsTSV8ZUiMtcaYkR6Vd3ck8xDJkYwEc;;;
19rZn8wEBBo5rs3hupPWTLvefmnsQBVWgy;1C4x7hNHcgRBjtKfgyFm2iGgFu4yHdd3d1;;;
19rZn8wEBBo5rs3hupPWTLvefmnsQBVWgy;19oK5sa5WbQRUvLGeyzmkyxRYiyGuo42M4;;;
19rZn8wEBBo5rs3hupPWTLvefmnsQBVWgy;19i7MyXegLprixUXnkUVWbBbcZibyiwSGU;;;
19rZn8wEBBo5rs3hupPWTLvefmnsQBVWgy;1Ni5MxNhnpDU8DkvX94cH2rbH4R9GbmBYh;;;
19rZn8wEBBo5rs3hupPWTLvefmnsQBVWgy;1H44pvTBzfdAmUcbMAac4ac4H6HsdcRU1m;;;
19rZn8wEBBo5rs3hupPWTLvefmnsQBVWgy;13yBg59kdW2xME3NBQvJATgZkQSqN2hCPT;;;
19rZn8wEBBo5rs3hupPWTLvefmnsQBVWgy;131tSVMPyyYTYb12FwTTboLwtD7p8q7LaW;;;
19rZn8wEBBo5rs3hupPWTLvefmnsQBVWgy;1on5h3kzvXKQp55GS4pDCDMGcKsNssEMy;;;
19rZn8wEBBo5rs3hupPWTLvefmnsQBVWgy;12EaHm8pNvXARduYmPU74QUSTr1GhVgdLi;;;
19rZn8wEBBo5rs3hupPWTLvefmnsQBVWgy;19EBsnxHUrtsMR4S5VxV8BAByJDfV8p4So;;;
19rZn8wEBBo5rs3hupPWTLvefmnsQBVWgy;3FjvsfsBn42MXz1hdhM9cDUQfqLfTmYZCc;;;
19rZn8wEBBo5rs3hupPWTLvefmnsQBVWgy;3QWbRyKAV984D4dnUQKNATj91vhNz8EZjB;;;
19rZn8wEBBo5rs3hupPWTLvefmnsQBVWgy;1NG5XXeRny357wveyofGSDXXCTBLXxFPZ6;;;
19rZn8wEBBo5rs3hupPWTLvefmnsQBVWgy;16ia91rQ2nPfeAq1FBkHknX42w9YESzpLH;;;
19rZn8wEBBo5rs3hupPWTLvefmnsQBVWgy;1GZTRVvREA3MSktpJAh9fuFcqBcmASWyVe;;;
19rZn8wEBBo5rs3hupPWTLvefmnsQBVWgy;3AaW5uhVckPLUHZUqvrqeLgawbBoYQV7tg;;;
19rZn8wEBBo5rs3hupPWTLvefmnsQBVWgy;1ALPRV1JUw8piatsBFrsQcSBWKjMwxnftV;;;
19rZn8wEBBo5rs3hupPWTLvefmnsQBVWgy;1NBnBy8gPzuHM8aE6d41fu9m8jChr35BfL;;;