input_address;output_address;;;;;
14YRXHHof4BY1TVxN5FqYPcEdpmXiYT78a;1GASxu5nMntiRKdVtTVRvEbP965G51bhHH;;;;;
14YRXHHof4BY1TVxN5FqYPcEdpmXiYT78a;14YRXHHof4BY1TVxN5FqYPcEdpmXiYT78a;;;;;
13Lhad3SAmu2vqYg2dxbNcxH7LE77kJu2w;1GFdrdgtG34GChM8SMpMwcXFc4nYbH1A5G;;;;;
1MAQQZn7EHP6J3erXByCciFiVcgS8ZhWqz;19q57SeCEzTnWrWVXA43nZzhSiXkYggh7c;;;;;
1MAQQZn7EHP6J3erXByCciFiVcgS8ZhWqz;1Kk1NVYnCE8ALXDhgMM6HqTt1jDSvi6QBA;;;;;
16zs5SVSyADh5WrLNbZbpRLsBsN5uEzgeK;1ExQobam8YdTkwATZjTZgevwrheSkUFVN1;;;;;
1QJpwtUorBKPGUJkSyrRcBKTAHq4CXrdYh;1HHNWMoQ6yVxuBhmnkvLmB3C4mEfZcDD4t;;;;;
1QJpwtUorBKPGUJkSyrRcBKTAHq4CXrdYh;1QJpwtUorBKPGUJkSyrRcBKTAHq4CXrdYh;;;;;
15qDzZLrcqQMUh5WnXaHTa4B3kreqAKi36;1E3QGYRS4TQ4FxVhC7FivRXSQHWPaVqSnA;;;;;
15qDzZLrcqQMUh5WnXaHTa4B3kreqAKi36;1KiiDJx9DAnyFuqKLaTVJQBc7ov2vrN2id;;;;;
